Barcode,UMAP-1,UMAP-2
AAACAAGTATCTCCCA-1,5.0712976,-1.7043535
AAACATTTCCCGGATT-1,-2.3476121,-2.5174663
AAACCGGGTAGGTACC-1,-7.901343,1.1305995
AAACCGTTCGTCCAGG-1,-7.222738,0.41396898
AAACCTAAGCAGCCGG-1,0.25514448,-3.4462729
AAACCTCATGAAGTTG-1,-4.8377852,-2.9132617
AAACGAGACGGTTGAT-1,-1.5223448,-1.7791215
AAACGGGCGTACGGGT-1,4.1147304,-5.43667
AAACGGTTGCGAACTG-1,-3.0639546,-5.2750363
AAACTCGGTTCGCAAT-1,1.4562523,-5.551342
AAACTGCTGGCTCCAA-1,3.0845022,-1.421372
AAACTTGCAAACGTAT-1,-5.794863,-2.3597293
AAAGGCTACGGACCAT-1,0.012064021,-5.4546814
AAAGGCTCTCGCGCCG-1,3.1596267,-0.31801552
AAAGGGATGTAGCAAG-1,1.7729912,2.569925
AAAGGGCAGCTTGAAT-1,-3.6604192,1.4604905
AAAGTAGCATTGCTCA-1,-6.8430986,-3.6197586
AAAGTCGACCCTCAGT-1,-5.278806,-1.092708
AAAGTGTGATTTATCT-1,2.5042205,-1.5103263
AAATACCTATAAGCAT-1,2.035161,-1.1157696
AAATAGGGTGCTATTG-1,5.862779,-2.7038505
AAATCCGATACACGCC-1,5.201723,-3.2254524
AAATCGTGTACCACAA-1,0.9507189,-2.6782665
AAATCTAGCCCTGCTA-1,2.7414086,-4.697732
AAATGGCCCGTGCCCT-1,-6.081863,-4.3661118
AAATGGTCAATGTGCC-1,0.25159475,-2.584539
AAATTAACGGGTAGCT-1,1.4764502,2.4792085
AAATTGATAGTCCTTT-1,-5.463553,-1.7655301
AACAACTGGTAGTTGC-1,0.6898058,2.9067726
AACAATACATTGTCGA-1,-4.3329134,-4.789083
AACAATTACTCTACGC-1,-2.212694,0.7473657
AACACACGCTCGCCGC-1,2.6317377,-4.74357
AACACGAGACGCGGCC-1,-5.844764,-1.8634665
AACAGCTGTGTGGCAA-1,-6.738049,-3.806332
AACAGGATGGGCCGCG-1,-3.0038664,0.21176274
AACATTGTGACTCGAG-1,-2.3289971,-5.071005
AACCAAGACTTCTCTG-1,-3.2959406,-4.6646824
AACCCGACAACCCGTG-1,-3.0717688,-5.276956
AACCCGAGCAGAATCG-1,2.3364387,-4.298576
AACCGCTAAGGGATGC-1,1.7133117,-4.073883
AACCTCGCTTTAGCCC-1,5.181703,-3.9661098
AACCTTTAAATACGGT-1,3.576971,-3.8766854
AACGATAATGCCGTAG-1,6.1498227,-2.07637
AACGATAGAAGGGCCG-1,-2.1950645,-1.2511057
AACGCGACCTTGGGCG-1,-3.6246457,-5.0735183
AACGCGGTCTCCAGCC-1,1.1300234,4.0785995
AACGCTGTTGCTGAAA-1,-2.284054,-2.8731482
AACGGACGTACGTATA-1,2.5831385,-5.252852
AACGTACTGTGGGTAC-1,-7.768531,-1.4526137
AACGTCAGACTAGTGG-1,0.80510145,2.4261394
AACGTGCGAAAGTCTC-1,-2.633452,-2.3503609
AACTAGGCTTGGGTGT-1,3.0749488,-1.4067365
AACTCAAGTTAATTGC-1,1.477278,-2.3540974
AACTCCAGAGCGTGTT-1,4.557051,-2.2638807
AACTCTCAGTGTGCTC-1,-6.2788754,-0.19469547
AACTTGCCCGTATGCA-1,-3.6427076,1.5743456
AAGACCCAACTGAACA-1,2.9188566,-0.17239214
AAGACTGCAAGCTACT-1,-1.4406503,-2.0180805
AAGAGATGAATCGGTA-1,-2.304088,0.6182566
AAGAGCTCTTTATCGG-1,-3.0034251,-2.1520898
AAGAGGATGTACGCGA-1,-3.0254633,-5.511872
AAGAGGCATGGATCGC-1,-0.4196885,-1.0085231
AAGAGGCCCTTTGGAA-1,4.818186,-2.2026057
AAGATGGCACCGGACC-1,-5.1103616,-4.1236806
AAGCACCCTGCGTATC-1,2.814117,-3.8214755
AAGCATACTCTCCTGA-1,3.544719,-3.4957054
AAGCCGAAGCGGTTTA-1,5.1605506,-1.3444195
AAGCGCAGGGCTTTGA-1,1.1224792,-5.089005
AAGCGTCCCTCATCGA-1,-6.0744586,-2.1292539
AAGCTAGATCGAGTAA-1,-2.1874242,-2.9361446
AAGCTCGTGCCAAGTC-1,-1.0237843,-2.4034283
AAGCTCTTTCATGGTG-1,6.232674,-1.7387824
AAGGAGCGGTTGGTGC-1,0.5564776,4.320898
AAGGCGCGTAAAGCTT-1,0.47509438,2.6669674
AAGGCTGTGCTCATCG-1,1.5099063,1.8718792
AAGGTGATAAACCAGC-1,1.6477174,-3.71489
AAGTAGAAGACCGGGT-1,-2.1964102,-1.3630319
AAGTAGTGACGCGAGG-1,-3.828185,-0.32431096
AAGTGACGACCGAATT-1,-3.417165,-5.3706126
AAGTGAGTCGGGTTTA-1,-5.711616,-1.4403411
AAGTGCGTTAGAATCT-1,-9.051696,-1.5451205
AAGTGTTTGGAGACGG-1,5.4788113,-3.4892118
AAGTTCACTCCAAGCT-1,5.850212,-3.2654128
AAGTTCGGCCAACAGG-1,-8.922245,-1.514951
AAGTTTATGGGCCCAA-1,0.9661686,-5.695031
AATAACAACGCTCGGC-1,-4.942799,-1.1527131
AATAACACTAGAACAA-1,-6.8746605,-0.63966566
AATAGAACAGAGTGGC-1,-7.0256944,0.4206478
AATAGAATCTGTTTCA-1,3.5541778,-3.8104725
AATAGTCCGTCCCGAC-1,3.1564894,-0.45368165
AATATCGAATCAATGC-1,3.458407,-0.029947508
AATATTGGAGTATTGA-1,-3.9832857,-4.162249
AATCATGTAAAGACTC-1,4.1262956,-3.5264618
AATCGCCTCAGCGCCA-1,2.8991218,1.5785091
AATCGTGAGCCGAGCA-1,2.9919891,-4.7472143
AATGACGTAGGATGTC-1,2.0976315,4.2529225
AATGACTGTCAGCCGG-1,1.3006424,4.4963465
AATGCAACCGGGTACC-1,1.44159,3.7419238
AATGGTCCACCGTTCA-1,-2.8576655,0.2991469
AATGGTTCTCACAAGC-1,0.9476013,-0.5892418
AATGTGCCCGAGGTGT-1,-5.5593514,-3.8943543
AATTAAAGGTCGGCGT-1,1.5047375,-3.1550388
AATTAACGGATTTCCA-1,2.7030857,-3.5381455
AATTAGCGCTGCAGCG-1,2.3343127,-2.967083
AATTCCAAGCATGTAC-1,-3.2421598,-4.8171773
AATTCGATTCGAGGAT-1,2.2972543,-4.8862166
AATTCTAGAGTTAGGC-1,2.0698862,-3.720623
AATTGAACGCTCTGGT-1,3.4239173,1.8643607
AATTGCAGCAATCGAC-1,4.1895895,1.9888809
ACAAAGCATGACCTAG-1,-2.655414,-1.8672881
ACAAATCGCACCGAAT-1,4.843665,-3.5156653
ACAAATGGTAGTGTTT-1,3.258088,1.6670866
ACAACAGCATGAGCTA-1,1.0578252,-2.1252644
ACAACGGTCCCTGCGA-1,-0.0067609185,-0.58851284
ACAAGCAGTGCCTAGC-1,-3.6577945,1.63894
ACAAGGAAATCCGCCC-1,1.8376122,4.378557
ACAAGGACAAGAGGTT-1,0.36154398,1.7810311
ACAAGGATGCTTTAGG-1,5.728059,-3.1512115
ACAAGGGCAGGCTCTG-1,3.5795379,1.4923059
ACAATAGTCGTACGTT-1,-4.00141,-4.491194
ACAATCCATTTAAACC-1,-4.812714,-1.0508983
ACAATGAATACGGAGA-1,-3.4417243,-1.7923203
ACAATTGTGTCTCTTT-1,1.8131106,-4.8493843
ACACACCAGGACCAGT-1,1.7849972,-1.4153455
ACACCCAGCATGCAGC-1,0.8980586,2.6254616
ACACCCGAGAAATCCG-1,0.91745216,-0.9711073
ACACCTTAAGTAGGGC-1,0.17110962,4.1517806
ACACGAGACTCCTTCT-1,-0.45551375,-1.884551
ACACGGGAACTTAGGG-1,1.4967813,1.502651
ACACGTAGGCCACAAG-1,4.719481,-3.1104743
ACACTGATCAAGGTGT-1,-5.851008,-0.106365405
ACACTGGGACAGTCGT-1,3.8724434,-5.8251743
ACAGAACTGAGAACAA-1,-5.885631,-2.7264988
ACAGCGACATTCTCAT-1,3.3634756,-4.8088837
ACAGGCACGGATCCTT-1,3.141122,0.96226615
ACAGGCTTGCCCGACT-1,3.038612,-5.286313
ACAGGTGGAGGTGAGG-1,-7.4367213,0.44116
ACATCCCGGCCATACG-1,3.4717772,-0.95956635
ACATCGGTCAGCCGCG-1,-6.225387,0.7374139
ACATCGTATGCAATGG-1,3.6234262,2.1810095
ACATTAGTTTATATCC-1,3.3065636,-1.445421
ACCAACCGCACTCCAC-1,4.3034787,2.0581808
ACCAACGCTTATTTAT-1,-5.8883,-0.24612309
ACCAAGAACGCGTGTC-1,-2.1423125,-1.2194576
ACCAATATGCAAGTTA-1,6.213855,-2.7810962
ACCACAAGTTTCTATC-1,0.8075667,0.3540196
ACCACGTGCAGCTATA-1,1.5865076,4.5260067
ACCAGTGCGGGAGACG-1,2.5531325,-5.11129
ACCATATCCGCAATAA-1,-1.8034465,-2.0143075
ACCATCGTATATGGTA-1,-4.301599,0.75320894
ACCCACCTACATGCTC-1,-3.698467,1.0547389
ACCCATCTTGAGGGTA-1,1.5014944,-3.0614443
ACCCATTTGTCCCTCT-1,-2.0250344,-2.506565
ACCCGGAAACTCCCAG-1,4.145893,-3.9106693
ACCCGGTTACACTTCC-1,-2.7878838,0.2666988
ACCCGTGTCATCAGTA-1,-3.1269128,-2.1407938
ACCCTATGCCATATCG-1,-6.348704,-1.0386966
ACCCTCCCTTGCTATT-1,5.0178046,-4.520374
ACCGACACATCTCCCA-1,2.8177168,-3.6407044
ACCGACTGAGTCCCAC-1,2.0371616,2.266019
ACCGAGTCTCCTTATT-1,-2.3231978,-2.8921444
ACCGCAATAACTGCCT-1,4.776382,-2.6831958
ACCGGGCCTTTGTTGA-1,6.0179815,-1.4942098
ACCGTGACCACGTGGG-1,-4.8862734,-4.3936725
ACCTAAGTACCTTTCA-1,-8.667711,-1.5585499
ACCTAATCGACTTCCT-1,-3.734224,-0.06114604
ACCTACTATAAATCTA-1,-3.3095057,-5.12401
ACCTCCGCCCTCGCTG-1,2.9702594,0.015972273
ACCTGCGTGTCATGTT-1,-5.716506,-0.9120786
ACGAAATGGGCGGCAC-1,-2.5610495,0.9553446
ACGAGGATACCACTCT-1,-4.6944075,-4.7660184
ACGATCATACATAGAG-1,1.9627318,2.601087
ACGATGCATATGTTAT-1,1.3777251,-2.2121468
ACGCAAACTAATAGAT-1,-4.788944,-2.2634935
ACGCATACGTTTACTA-1,4.57327,-3.7008777
ACGCATTCGTGAGTAC-1,-0.06038227,4.517161
ACGCCGCTAGACGACC-1,1.8825027,-0.6449905
ACGCGAAGTCAGACGA-1,3.0624802,-1.5118861
ACGCGCTACACAGGGT-1,-7.5174794,0.7482385
ACGCGGGCCAAGGACA-1,-1.807485,-1.3486159
ACGGACTCTCAAAGCG-1,3.6990397,-5.7235823
ACGGATGGTGCGGATA-1,6.0502954,-1.617825
ACGGCACTTGCTTGGG-1,4.0794277,-1.0246803
ACGGCCAACATGGACT-1,-2.9085307,-1.8607391
ACGGGAGTGTCGGCCC-1,-8.811621,-1.7083367
ACGTAGATTGCTGATG-1,-1.230536,-2.3863807
ACGTAGGAGAGTCGCT-1,3.3423343,-6.112526
ACGTTAATGTCGAAGA-1,0.9471088,-2.7578652
ACGTTAGATTTGCCCG-1,-7.0841575,0.6631464
ACGTTCGTTCAGGAAA-1,-5.4750648,-1.6667747
ACGTTCTGTACAAGTC-1,4.2747183,1.7068893
ACTACCAGCTCTCTGG-1,-0.087006144,4.2506843
ACTACGCGTTAGAATT-1,2.562646,0.2652568
ACTAGTTGCGATCGTC-1,4.7173314,-1.5906124
ACTATCTGCCCGCGTA-1,4.1846514,-1.6339035
ACTATTTCCGGGCCCA-1,-5.6485267,-1.7708155
ACTCAAGTGCAAGGCT-1,5.8465543,-3.8569052
ACTCAATAAAGGCACG-1,0.22254178,4.5617237
ACTCCCATTCCTAAAG-1,-5.9218884,-1.8972433
ACTCCCTAATGCTAAA-1,3.182853,-0.6013857
ACTCCCTAGAATAGTA-1,2.2763307,-1.321261
ACTCGTAACCCGTCCT-1,-8.182204,-1.5959821
ACTCGTCAGTAATCCC-1,-1.4537188,-2.1927838
ACTCTCTGACTTAGGT-1,2.755088,2.1608071
ACTCTTGTATAGTAAC-1,-0.4830748,-2.5505128
ACTGAAACGCCGTTAG-1,4.8180184,-4.8853865
ACTGAATGGCGAAAGT-1,4.868507,-4.222421
ACTGTAGCACTTTGGA-1,0.79367125,1.7221442
ACTGTCCAGGATTATA-1,0.6487934,-0.5018365
ACTGTCTTCTTTAGAA-1,1.554664,4.453659
ACTTACGCATCCACGC-1,6.1149178,-2.1636958
ACTTATTAGGATCGGT-1,-0.31588843,-2.1929152
ACTTATTTATGTGCCA-1,1.7339076,-3.8398006
ACTTCAGGCTGATCCC-1,4.735445,-2.5440664
ACTTCCATGCGGGACA-1,5.786298,-3.842841
ACTTGACTCCCTCTTT-1,0.54891807,-1.8350296
ACTTGGGACCCGGTGG-1,1.8839567,1.8662871
ACTTGTGGATGGAACG-1,4.161496,-2.910531
ACTTTCCTATAGCTTC-1,0.77765626,4.4080176
AGAAATTATGACTCGC-1,2.1777968,-4.315362
AGAACGTGGTACATTC-1,1.1435977,1.8347877
AGAAGGTTGCCGAATT-1,-3.868968,1.3147737
AGAAGGTTGTAGGTCG-1,3.8564806,-3.5954735
AGAAGTGATTCGTGAT-1,-8.861673,-1.6362289
AGACCATGGGATACAA-1,-0.24988352,-0.4545706
AGACCCACCGCTGATC-1,1.9204186,-2.4082694
AGACCCGCCCTCCTCG-1,1.6077391,2.6515749
AGACCGCTCCGCGGTT-1,3.0580065,-0.014440289
AGACCGGGAAACCCTG-1,-3.9661713,-5.0448146
AGACGAAGTGCCGGTC-1,6.0540857,-2.4859333
AGACGACGATGCCGCT-1,-6.2059817,-1.9303533
AGACTAGCCTTCCAGA-1,0.4252166,4.228684
AGACTGTTACCGGGTC-1,-4.9679627,-2.3574965
AGAGAAGGAGTACAAT-1,-6.6530066,-3.9618483
AGAGATCTCTAAAGCG-1,-4.9396653,-4.4418178
AGAGCAGTTATGAGAC-1,-3.5732405,-1.4521095
AGAGCCGCCGAGATTT-1,-2.5413606,-2.6748836
AGAGCGTACAAGCTCG-1,-2.203099,0.6734416
AGAGGCTTCGGAAACC-1,3.6335561,-2.1923206
AGAGTAAACTTCACTA-1,5.547881,-1.3951268
AGATAACTTCAGGGCC-1,1.4843385,1.9556681
AGATACCGGTGTTCAC-1,-6.0578837,0.48553014
AGATACTCAAGATCGA-1,3.3458776,1.2635565
AGATATAATACGACTA-1,1.2727859,-4.5774465
AGATCTCAGGTGTGAT-1,0.10692406,-1.9872843
AGATGACTCGCCCACG-1,2.46148,2.6085851
AGATTATAGGACGTTT-1,-0.8928161,-0.87211114
AGCAAAGGCCGCTAGT-1,3.7350826,-4.6679063
AGCACCAGTACTCACG-1,1.9254862,2.4969604
AGCACTACCGGCCTGT-1,-3.3526168,-1.754912
AGCACTACCTCACCAG-1,6.0834866,-1.6289171
AGCACTTAAGGACGCC-1,0.94013816,1.2523087
AGCAGAAGGAGAAAGA-1,1.1788397,-4.9454746
AGCAGCCAGATGAATA-1,3.4608696,-1.2290357
AGCATATCAATATGCT-1,2.2561204,-5.359245
AGCATCATTTCGAAAG-1,-3.2922227,-1.9376613
AGCATCGTCGATAATT-1,1.1840419,2.7255287
AGCCAAGCTTTGTGTC-1,-0.10777179,-5.1560264
AGCCACAGGTTACCCG-1,4.528803,-2.8022594
AGCCATATAGTATGTG-1,-0.27410847,-5.766225
AGCCCATACATGTAAG-1,-7.0533524,-0.16545486
AGCCCGGTAGCCTGTA-1,-5.2378774,-1.6490597
AGCCCTTGGACATCCC-1,3.257582,-5.829335
AGCCGTGGCTAAATGT-1,-6.312477,-3.734454
AGCGACAGGAACGGTC-1,-7.175921,-0.53656054
AGCGACATCCCATTCA-1,3.7629309,2.5596652
AGCGACCAACGATATT-1,2.1181004,2.9815989
AGCGCATAATGAATCG-1,-2.682658,-1.8365897
AGCGGACACTTCGTAG-1,1.4058695,-5.241251
AGCGGGTCTGACACTC-1,2.9336717,-6.0991282
AGCGTGGTATTCTACT-1,2.2174451,-1.1827786
AGCTAACAAGCAATGT-1,-4.0423427,-4.7107487
AGCTAAGTACGCAGGC-1,5.1051655,-4.399672
AGCTCCATATATGTTC-1,4.837601,-2.8899024
AGCTCCTTCGCACATC-1,2.8471634,-5.150488
AGCTCTAGACGTTCCA-1,0.2564705,-2.783513
AGCTCTTTACTCAGTT-1,-3.8312614,1.3563026
AGCTGTAACCTCAATC-1,-5.607458,-2.8877697
AGCTTGATCTTAACTT-1,-3.713131,-5.1599073
AGGAAGCTGTCCGCCG-1,3.24676,-4.35616
AGGACAGTCGAATCCC-1,3.0196307,1.7325819
AGGACATCGCACGTCG-1,0.62215745,-0.36545092
AGGACGACCCATTAGA-1,-4.0322413,0.929729
AGGAGGCCTTCGCGCG-1,2.6680677,-4.6426516
AGGATAAAGTCGGGAT-1,2.2047977,0.30486295
AGGATATAGGGATTTA-1,4.333451,-1.6216931
AGGATCACGCGATCTG-1,-6.419769,-4.2647157
AGGCACGTGACTGTCC-1,2.8027344,-4.4407706
AGGCAGGGAGCGTACT-1,-5.4429803,-1.4796681
AGGCATTGTCGTAGGG-1,4.4981136,-5.8608017
AGGCCACCCGTTATGA-1,0.6393834,2.054279
AGGCCCATTGTACAGG-1,-2.3791075,-1.4985217
AGGCCCTAGAACGCCA-1,-7.126646,-0.12232986
AGGCCTGAGAATCTCG-1,5.793917,-2.463897
AGGCTATGGTTAGCTT-1,-1.7365626,0.4329105
AGGCTTCCCGAAGAAG-1,-7.2836957,0.39656383
AGGGACTCTACGCGAC-1,-1.6966226,-1.9308449
AGGGCGAGCAGCTGAT-1,-5.359651,-3.9403968
AGGGCGTGATCGGCTA-1,-1.711441,-0.99233687
AGGGCTGCAGTTACAG-1,-1.6505475,-2.1478543
AGGGTTTAGTTCGGGA-1,-1.9636251,-0.9044866
AGGTAGATCGAGATAT-1,-3.7315779,-4.4787865
AGGTAGGTACAAAGCT-1,-5.196559,-1.0475401
AGGTCAGGTGAGAGTG-1,-5.7174063,-0.8941157
AGGTGGTGACCTTCGC-1,-2.6598713,-4.9030294
AGGTGTATCGCCATGA-1,-5.0840077,-2.5113769
AGGTTTCACACACCTT-1,0.9015685,-2.85919
AGTAATGTCTTGCCGC-1,2.720013,2.3746314
AGTACTCTTATGCCCA-1,4.753259,-3.8149397
AGTAGAAGGCGCCTCA-1,-2.5283642,-5.407304
AGTATAATACTAGGCA-1,0.31969377,0.7901794
AGTATACACAGCGACA-1,-2.5552394,-4.9271617
AGTATTTGGCACGACC-1,2.4219794,0.19427374
AGTCAACACCACCATC-1,-3.1270125,0.24711215
AGTCAAGATGACACTT-1,2.4231474,-5.190095
AGTCACTAGCTCTCGA-1,4.616174,-3.5711148
AGTCGGCCCAAACGAC-1,-0.11248761,4.3165903
AGTCGGCTCAACTTTA-1,-8.196496,-1.5678416
AGTCGTATAAAGCAGA-1,3.1151798,-5.6117296
AGTCGTCGACCACCAA-1,-2.2262998,-2.8470385
AGTCGTGGGCATTACG-1,-6.8856215,-3.7186315
AGTCTCACAAGACTAC-1,-5.7822657,-1.9997919
AGTCTTCTCCTCAAAT-1,1.8185567,2.4217937
AGTCTTTAAAGTGTCC-1,3.5438263,-5.625314
AGTGACCTACTTTACG-1,0.8023027,-1.189877
AGTGATAACCTGCGCG-1,5.7643085,-3.6220763
AGTGATATGAGTAGTT-1,-4.0748158,0.8714765
AGTGCACGCTTAAGAA-1,2.6081142,-5.3175163
AGTGCGTAGCTCGTAA-1,-7.9618926,-1.4039955
AGTGCTAAACACAGCA-1,4.5129924,-1.8007065
AGTGCTTGCACGAATA-1,2.2686892,1.8460987
AGTGGCGTCTGAAGGT-1,4.776803,-5.3208094
AGTTAAACACTTGCGA-1,-2.9032702,0.5401506
AGTTAAGTCAACCGCT-1,-6.662742,-3.7019684
AGTTCCTACAGAATTA-1,1.1362418,0.46229905
AGTTCCTATTTATGTT-1,2.9797542,-1.117054
AGTTGACGGTCCTTGC-1,0.20047432,-5.2224865
AGTTTGCACCTGCCTC-1,2.7692304,-3.604703
AGTTTGGCACGGGTTG-1,6.0687027,-1.5931774
ATAAACGGACCCGTAA-1,1.5594996,-2.9887674
ATAAACGTTGCACCAC-1,4.63311,-3.673388
ATAAAGGCTCGGTCGT-1,0.41472515,-2.226375
ATAAATATTAGCAGCT-1,-5.4381924,-1.3164365
ATAACGCCGGAGGGTC-1,-1.5490782,-1.4616729
ATAAGGTGGAGAACAT-1,4.5890102,-2.5477746
ATAAGTTACCGCGACG-1,2.5116396,-0.57871646
ATAATAGCTGTTGAAT-1,2.1524856,-2.3133278
ATAATCTTGGAGAACC-1,4.7837,-4.546176
ATAATTAGCTAAGTAG-1,0.7118052,-5.1669827
ATACAGGCCCTCCAAT-1,5.9052367,-2.5375326
ATACCACGGGCAACTT-1,-4.970568,-0.89387864
ATACCTAACCAAGAAA-1,1.084715,-4.3861856
ATACGCCGGCGAAACC-1,2.0888422,1.923385
ATACGTACTTAGCCAC-1,3.8454504,-3.852545
ATACGTCCACTCCTGT-1,1.6518743,-4.425478
ATACGTTATGCACGGA-1,1.2100374,-5.4819546
ATACTACCCGTACCAC-1,4.5928736,-2.0006773
ATACTGCCTTACACCG-1,6.0335307,-2.9476447
ATAGACGAAGAGAAAG-1,0.9201509,0.36308405
ATAGAGTACTGGGACA-1,0.827795,3.0673225
ATAGCAACTAGGGAAG-1,-2.608379,-1.9099182
ATAGGCGGCTATAGAA-1,-8.140806,1.3604674
ATAGGTTGGGCAGATG-1,1.9222167,2.9778044
ATAGTGAAGCGTTCTC-1,1.7755804,-2.0758386
ATATAAAGCGCTCGTG-1,4.0784874,-3.5707011
ATATAAATGTAGCTGC-1,5.429803,-2.4599574
ATATAACACGGGCGCA-1,4.0320377,2.4042816
ATATACGCTCGTGACG-1,4.3587465,2.0081544
ATATCGTTCCTCGAAC-1,-2.4225934,-2.7489233
ATATCTTAGGGCCTTC-1,1.5621368,3.7979252
ATATTCAGTTAAACCT-1,-5.846734,0.614427
ATATTCCACATAGTGA-1,4.4058414,1.287204
ATATTGCTGTCAAAGT-1,1.0726122,-1.6847321
ATATTTAACCCTCAAG-1,1.4197112,1.8516269
ATCAAACGAAGGTTTG-1,-9.0809555,-1.5517876
ATCAATCTGGGCTGCA-1,-2.2075317,-1.331994
ATCACGTGCTAATTAA-1,-8.925487,-1.4609743
ATCAGACGGCACGCCG-1,-6.064518,0.54770374
ATCAGCCTCATGCTGC-1,4.590146,-3.697684
ATCATAGCCCTATGTA-1,4.411405,1.688394
ATCATCCAATATTTGT-1,1.8163804,-2.4753337
ATCCAACGCAGTCATA-1,-0.2644083,4.1251044
ATCCAATGGAGGGTCC-1,-7.5305533,0.70545995
ATCCACATCGACAGAA-1,2.0620685,-4.8410873
ATCCAGAGCAACAACC-1,-5.0921183,-0.21120042
ATCCAGGATTCGTGAA-1,1.6548424,-2.3147366
ATCCTACCTAAGCTCT-1,-3.709157,1.3105289
ATCCTGAATCGCTGCG-1,-4.906979,-1.7364433
ATCCTGCGTGGAATGG-1,-3.7771094,-0.29163167
ATCGACCCAATACAGA-1,3.1371803,-1.2421867
ATCGCACGCCGGGAGA-1,2.0015993,2.5201113
ATCGGAGACAGACGGC-1,4.5057874,-2.215538
ATCGTTAGCTAGCGGA-1,4.7912903,-5.1038933
ATCTAATATCCTACGG-1,2.9075756,-1.9341974
ATCTAGCTTGTGAGGG-1,-0.06929309,-5.315324
ATCTCCCACGGAATAT-1,4.346101,-0.71557707
ATCTGACATGGAAGGA-1,-5.1357026,-2.3539636
ATCTGCTGTTATCGCC-1,-3.5315976,-4.7289696
ATCTGGGCTGTTCTTG-1,2.4072049,-3.8016653
ATCTGTAATTGTACCC-1,-1.9288074,-1.2209257
ATCTTATCGCACACCC-1,4.299552,1.8847127
ATGAAGCCAAGGAGCC-1,3.6635349,2.7918622
ATGACGCCGGCTCTAA-1,2.4343472,2.340941
ATGACGCGTTCTATCC-1,-6.600194,-2.679296
ATGACTATCAGCTGTG-1,-5.2025895,-2.1543102
ATGACTATGCGACATT-1,2.9852233,-4.3104043
ATGAGGAGTGTTAATC-1,0.7367265,1.6548868
ATGATCGGGAATAGAC-1,-2.4682164,-1.7143583
ATGATGCAATGGTACA-1,-2.535864,0.32541543
ATGCATGATCCAGGAT-1,2.523233,2.8134685
ATGCCATTTGCGACCA-1,2.311218,-3.989111
ATGCCGGTCTTGCATA-1,1.0907902,-0.8812721
ATGCGACAGTCCCATT-1,-0.33893704,-2.8452475
ATGCGAGTCCCACCAC-1,5.8295655,-1.4734507
ATGCTCAGTGTTGCAT-1,-0.27013832,-0.6023442
ATGCTCTGGCGCGGTA-1,4.8486376,-4.709378
ATGCTTAGGAGTTGAT-1,3.184039,-4.1771016
ATGGAGCAGGCCGTGA-1,-2.0703588,-2.0279176
ATGGATTGACCAAACG-1,2.2540903,2.118815
ATGGGACCTGCTGAAC-1,-6.114356,-4.313132
ATGGGCCTCGGCCTCT-1,2.1421392,-0.8505262
ATGGTCGCGTGGTTTC-1,3.0725446,1.2465512
ATGTACGATGACGTCG-1,1.1073344,-5.9575696
ATGTAGCGCGCGTAGG-1,2.0184207,-5.792984
ATGTGAAAGCCTAATG-1,-6.329234,-0.86921
ATGTGGACATCTTGAT-1,2.0056372,-1.0737742
ATGTTGATTAGAGACT-1,3.3192818,2.4270623
ATGTTGTAGTCTGTTT-1,5.957235,-1.7389787
ATTAAACATGCGGACC-1,1.7926365,-3.2283673
ATTACATGTCAGTCTT-1,4.9823565,-1.5007219
ATTACGCGCTGGCAGG-1,-7.2412753,0.21153644
ATTACTAGCCTCTTGC-1,-2.2364235,-1.3055617
ATTAGATTGATAGCGG-1,-2.5826676,-1.4588206
ATTAGGCGATGCTTTC-1,0.48168844,-3.4792175
ATTATCGGAATGTACG-1,-4.287563,-4.830188
ATTATGCCATAGGGAG-1,1.6388586,2.4361663
ATTATTATGTCCGTCA-1,-6.0717278,-4.2230325
ATTATTCAGAGTCACT-1,1.7622719,4.517199
ATTCAACCATTTAAGG-1,3.7079709,-4.157447
ATTCACTGATGTTGGA-1,2.7861567,-3.2750518
ATTCAGTAGCAGGGTC-1,-3.6237745,0.7918951
ATTCATATACTGTCCA-1,1.6941351,-3.091074
ATTCATCGTTGAGGCA-1,4.93402,-1.9840627
ATTCCCACATAAACAA-1,-3.5673823,1.3605249
ATTCCTCCGCCAGTGC-1,1.2312907,1.269984
ATTCGACGCCGGGCCT-1,-4.813814,-1.2852014
ATTGAAGATCTTAGTG-1,0.48829558,-0.51237845
ATTGCCTTTATGTTTG-1,3.749419,-3.4220622
ATTGCGATCAGTAACT-1,1.5660591,-4.922915
ATTGCTGCTCCTCCAT-1,0.8414027,-1.7835584
ATTGGATTACAGCGTA-1,3.4606452,-4.559489
ATTTAACTCGTATTAC-1,-1.182826,-1.1155088
ATTTACAGTTTACTGG-1,-0.19505756,4.247146
ATTTCCGGGTTCTGCG-1,-6.312349,-1.7485633
ATTTGCGCGAGTAGCT-1,-6.7504478,-3.6960533
ATTTGTCTTGGGAGCT-1,1.9259709,3.1848662
CAAACCCTCCGGCGGG-1,3.0155962,-6.136028
CAAACGAGTATCGCAG-1,-4.0289907,-0.41942155
CAAACGGTCGCACTTT-1,-0.2278406,4.3122854
CAAAGATTATTGGGCC-1,-5.1864877,-1.4555194
CAAATCTCTCACAAGG-1,-6.3043227,-1.3519512
CAAATGTCCTTCCGTG-1,0.89987785,-1.6034112
CAACCTACCGAGCAGT-1,3.9096208,-3.4217944
CAACGACCCGTTTACA-1,1.3361942,2.3062294
CAACGGTTCTTGATAC-1,0.98965716,-1.218285
CAACGTGGTGGAGTCT-1,2.2353137,-4.1333275
CAACTCCTTGATCCCG-1,-2.6030774,-1.5561501
CAACTGCTCATCCGAT-1,-1.5709926,-1.9716058
CAAGAGGGCGGAGTAC-1,3.4172206,1.5298531
CAAGATATTATAACGT-1,2.4753392,-3.5964158
CAAGCAACGTCGGAGT-1,1.3519899,1.0168402
CAAGCGGCACATAATT-1,5.752835,-3.8022642
CAAGGATCGCATGTTC-1,0.84282184,-3.356471
CAAGGCCAGTGGTGCA-1,4.1235957,2.5620146
CAAGTAAGTGATAGAC-1,-6.328775,-4.2167683
CAATATTCTTGACCTA-1,-6.1892424,-0.36425304
CAATGCGAGAAGTATC-1,6.157854,-1.7587053
CAATTAAGGGTGATGA-1,1.9931943,2.8511834
CAATTTCGTATAAGGG-1,-0.15556176,-2.367083
CACAATGAGCTGCTAT-1,1.1545924,-2.4824557
CACACACGCTAACGAG-1,3.7476518,-3.8983905
CACACAGGGATAGATT-1,-4.864931,-0.45116395
CACAGGGCCATATAGT-1,4.8384376,-5.0206833
CACAGGGCCGTTGTCA-1,1.2634959,-5.2866335
CACAGTCCCGCTTCGC-1,4.433955,1.2899733
CACAGTTCGCTTCCCA-1,1.3814241,-4.3832674
CACATATTAGCAGGAT-1,3.1380293,1.1764473
CACATCGTGCACGCGC-1,-5.6664395,-4.23441
CACATCTCACCGACGA-1,4.0012503,-4.049079
CACATGATTCAGCAAC-1,1.5398624,-2.3972251
CACCCACACGTCACCC-1,1.8560413,0.6516648
CACCCGGTTTGTGACT-1,-6.5813828,-0.0025682212
CACCCTAACAAGATCT-1,5.976912,-1.5293825
CACCGCCAGAAGGTTT-1,2.3108468,1.4076799
CACCGTATCCCATCCG-1,4.069603,-1.9596777
CACCGTTAGGGATCAC-1,-7.0305367,-0.32910675
CACGAAAGTTAGTCCC-1,-4.2210817,-1.2235596
CACGCAGCGAGGCTTT-1,0.31944028,4.1598406
CACGTCGGCAACCTCT-1,-8.743457,-1.6567055
CACGTTCGTGCTCTAG-1,1.6925642,-0.9657669
CACGTTTCGTACACAC-1,5.075536,-2.8456142
CACTAAAGTTGCCTAT-1,0.9441822,-1.5750884
CACTACGGGAGCTGCC-1,4.568357,-1.915797
CACTCAAGAGCTATGG-1,1.0972372,-1.8283187
CACTCCTATGTAAGAT-1,-6.0510693,-1.0677053
CACTCGAGCTGAACAA-1,3.0525765,1.47959
CACTCTTCTGCTAGCC-1,3.530522,-4.111261
CACTGACGATTGTGGA-1,-2.6468766,-5.012261
CACTGTCCAAGTGAGA-1,-2.6144476,-1.694976
CACTTAATCAGACGGA-1,0.6577797,-1.2190055
CACTTCGCCACAGGCT-1,-0.10850234,-0.8243114
CAGAACTTAGCCCTCT-1,2.603527,-5.317281
CAGAATAACACACGGA-1,2.9166312,-4.317769
CAGACACCGATCGCTG-1,-6.4087963,0.5145387
CAGACGAACCTGATAC-1,-5.6449337,-0.20808357
CAGAGACGGTCACCCA-1,3.5575213,-1.3256721
CAGAGCATGAGCTTGC-1,0.5046641,4.473348
CAGAGGCGATGCATGA-1,-7.0472255,0.39034835
CAGATAATGGGCGGGT-1,4.2622185,2.500853
CAGCAGTCCAGACTAT-1,5.115819,-2.1349363
CAGCAGTCTGTGCTGC-1,2.4846945,-4.8933873
CAGCGATTCCCTTCAA-1,-6.1736813,0.53189766
CAGCTCACTGAGACAT-1,-0.047002617,4.4641066
CAGCTGGCGTAACCGT-1,-6.631483,-3.6151464
CAGCTTAGTAGGTAGC-1,-3.65512,-0.157378
CAGGATATATCGTTGT-1,1.7375153,-3.1443517
CAGGCAGTCTTACCAG-1,4.8883696,-4.6991515
CAGGCCGTTTGGGTGT-1,0.670639,-0.096770465
CAGGCGCACGGTGGTC-1,-6.0169654,-2.2250147
CAGGCGCCATGCTAGG-1,3.5133018,1.9461195
CAGTACCAGTTTACGT-1,-5.830244,-4.338791
CAGTCTGTATACTGGG-1,1.5773176,-3.342059
CAGTGTCGGCTGGCCC-1,2.6451466,-5.3087378
CAGTTCAAATTGACAC-1,0.93502194,0.4675576
CAGTTCCGCGGGTCGA-1,-3.85956,1.3578475
CATAAGAAGCTTGGCT-1,4.3676863,-4.2438874
CATAAGCTCTCCGTCT-1,-3.3814933,-4.542747
CATACACGGTTCCCAC-1,3.2616577,-0.8871092
CATACCCGTACCCAGT-1,-4.9374804,-1.1916277
CATACGGCGTCTGGGC-1,3.0861022,-1.2667925
CATACTATGTAATTGT-1,1.7464795,-0.23479564
CATACTTCTTTCTCCG-1,-3.8640006,-4.313122
CATAGAGGAGATACTA-1,3.2182248,-5.1555057
CATAGCCGCCCGGGAT-1,-3.6213238,1.642384
CATAGCGTTGCCCACC-1,-6.205733,0.47891155
CATAGTAGCATAGTAG-1,-2.963119,-1.7732946
CATAGTCAAATACATA-1,4.2890253,0.59226894
CATAGTCCACAAGAAC-1,-7.47959,-0.1527531
CATATAGGTACAGTCA-1,2.2483332,0.44870389
CATCATTACCCTGAGG-1,1.7783632,-4.8089643
CATCCTCTCAAAGATC-1,5.1871047,-4.50291
CATCGGACGGGTTAAT-1,2.137696,-0.7171337
CATGAGATGCACTCTC-1,6.0897617,-2.4415565
CATGCCAACTCGCAAA-1,-4.1440454,-5.000505
CATGGATTGTCTTCCG-1,5.2888045,-3.4375083
CATGGCAGGAAGATCG-1,3.1157508,2.5346453
CATGGGTATGCCTTAT-1,6.21449,-1.8211697
CATGGTAAGTAGCGTT-1,2.998987,0.040588174
CATGGTCTAGATACCG-1,2.147657,2.6038816
CATGTAAGAGACATTT-1,4.0778346,-3.7225504
CATGTCTCATTTATGG-1,4.918687,-5.020343
CATTATGCTTGTTGTG-1,1.4954252,1.5871117
CATTTGAGTGGTACGT-1,-5.6730666,-0.006276254
CCAAACAGAACCCTCG-1,2.7726529,2.9109845
CCAAATAACAAGATTC-1,3.434575,-0.56518984
CCAACGATGCACTGAT-1,1.101611,1.498825
CCAAGAAAGTGGGCGA-1,-6.308531,0.61219084
CCAAGCGTAACTCGTA-1,0.7547785,-2.2324839
CCAAGGAACAGAGAGG-1,-0.41067848,-1.7581569
CCAATAGTGCCGTCGA-1,1.1114018,-0.22813082
CCAATGTCACAGCAAG-1,0.76743424,-1.9043882
CCAATTGAATGTTAAT-1,3.2862933,2.3282938
CCACACTGAGATATTA-1,1.8082099,-2.728986
CCACAGTACCCATCCT-1,2.6841476,-5.4856358
CCACATACTGCACCCA-1,3.9819527,-1.6133851
CCACCAACTTTACTGT-1,-7.0356374,0.27889317
CCACCCAAGGAAAGTG-1,-2.2976177,-1.9699484
CCACGGAGCCATAAGA-1,-8.815138,-1.4883955
CCACTGGTGGCTGGTT-1,-4.5544825,-4.4565473
CCACTGTTTGGATTAA-1,4.7497954,-2.769802
CCAGAAAGCAACTCAT-1,-6.57891,-2.3237398
CCAGCCTGGACCAATA-1,-1.7348169,-1.9367135
CCAGCTCGAACGCATT-1,1.6037283,-4.9700994
CCAGCTGATGGTACTT-1,-3.8598528,-4.545841
CCAGCTTCCGCCCGCA-1,-3.1814048,-1.9364636
CCAGGGACGTGGCCTC-1,1.9698287,2.2301855
CCAGTCTTGTCATAGA-1,3.7181096,-1.4018108
CCATAGGTTGGCGTGG-1,3.1498425,2.7819898
CCATATGGAAACTATA-1,4.123511,0.47210032
CCATCGCAGTTAAACT-1,2.0935125,-2.928627
CCATGCCCTAGATTTC-1,-2.2694263,-2.610517
CCATGCCTGTTTAGTA-1,1.382309,-0.80436444
CCATGCTCTGCAGGAA-1,2.4678564,2.1573026
CCATGGCCCTTGTACC-1,-2.9884999,-0.18387522
CCATTAGCGATAATCC-1,0.076652646,4.1471114
CCATTCCCTGCCCACA-1,0.7942209,-0.050305102
CCATTTCTACCTATTA-1,5.3095307,-2.8741455
CCCAACATACGTCGCG-1,-8.044171,1.2703942
CCCAAGTCATTACACT-1,3.855133,2.2436395
CCCAATGAGATTTGCA-1,-4.4679008,-4.3725743
CCCAATTTCACAACTT-1,-7.1286516,0.19377702
CCCAGGTCTGAAGGCT-1,4.1158524,-2.2166984
CCCAGTTAAGGCGCCG-1,1.1536942,4.096319
CCCGAGTTTCTCCGTA-1,3.378694,0.008373104
CCCGCAGCGCGAACTA-1,3.356104,-1.9426665
CCCGCCATGCTCCCGT-1,1.3076992,-0.509779
CCCGGGTCGTTCAGGG-1,-2.5666943,-5.0063996
CCCGGTGGAAGAACCT-1,-3.5406706,1.4198364
CCCGTAAGTCTAGGCC-1,-7.030503,-0.060113814
CCCGTAGCTGGGAAGA-1,-5.807584,-3.0348485
CCCGTCAGCGTCTGAC-1,0.98031926,2.2838914
CCCGTTTCGCAGATGT-1,3.9694033,-2.7052803
CCCTACTTGAACAATG-1,2.7906027,-4.961439
CCCTCATTCTGGAATT-1,1.8727043,0.47284833
CCCTCCTCGCTCGTAT-1,5.187194,-1.4856111
CCCTGAAATGAGTTGA-1,1.1902945,1.6123058
CCCTGCCCAATCCGCT-1,-3.9788678,-5.206029
CCCTGCGCTACGCATA-1,-4.728698,-0.6478659
CCCTTTAATGGAGTTC-1,4.3632913,2.0280085
CCCTTTGACAGGTCTT-1,3.0097086,-0.2874351
CCGAACACTGGGCCTC-1,-5.380139,-4.2227855
CCGAACCTTCCCGGCC-1,2.806819,-1.8464171
CCGACAAAGGGAGTGC-1,-3.5726328,1.2231997
CCGACAATAGGCCGCC-1,3.4720774,-4.045621
CCGACGGGCATGAGGT-1,-5.4835534,-3.4306698
CCGATTCGAGGGACCC-1,-1.1106395,-5.326229
CCGCACAAAGACCAAC-1,-2.7226875,-2.2050407
CCGCACGTGACCTCGG-1,-2.2981215,0.69711155
CCGCATGTGGTACGAT-1,3.4033742,-3.6842523
CCGCGGAATGCGTCAC-1,-7.456854,0.66592693
CCGCGGGTACGAAGAA-1,-2.7128372,-1.0103385
CCGCGTAGGTAAGGGC-1,-2.7149985,-1.282624
CCGCTATCAGCACCAG-1,1.9857793,-1.1260109
CCGCTCCAGGGCGATC-1,2.4196625,-6.1156473
CCGCTCTTCCGAACTA-1,-2.539105,-1.6702561
CCGGAATGGTTTCAGT-1,-0.44330058,0.20734389
CCGGAGCGTACTTTCT-1,4.8358083,-3.9229746
CCGGCGCATATTGGAT-1,-1.293638,-0.8396493
CCGGGACCCGCAGAGA-1,-2.60661,-1.6950712
CCGGGCGGTCTCGTCA-1,0.37074664,-2.8855147
CCGGGTTCGAGGTTAC-1,1.917651,-1.8950536
CCGGTTTGTAATTGTG-1,-5.973638,-0.8858008
CCGTAAGTTGGTCCCA-1,-1.4559785,-2.152456
CCGTAGGAAATCCCTG-1,4.8363714,-5.0155272
CCGTAGGGTTGTTTAC-1,4.211275,-3.6942382
CCGTATCTCGTCGTAG-1,-5.888698,-3.6311662
CCGTTCCGAATCTCGG-1,-4.079417,-5.037164
CCTAAATTAACGGTTC-1,0.74645114,-2.698344
CCTAAATTGTATCCTA-1,4.1642017,-1.6237513
CCTAACCCAAACAAGT-1,2.818724,-5.437763
CCTACATTCACAGACG-1,-6.6634927,-4.1641765
CCTACTGCTTACACTT-1,0.349857,4.2270975
CCTATAATGAGTGCCC-1,6.34631,-1.9142891
CCTATACCGTCCTGTC-1,-6.1091685,0.5221627
CCTATATTTGTCCTGG-1,-4.4806933,-1.9943047
CCTATGGGTTACCGTC-1,-0.62769085,-1.6204977
CCTATGGTCAAAGCTG-1,2.255346,-5.9827394
CCTATGTCCACTCCAC-1,4.6227317,-1.7671617
CCTCCCGACAATCCCT-1,4.231154,-5.958931
CCTCCGACAATTCAAG-1,0.5328578,0.39991406
CCTCCTGTTGTGTCGT-1,-2.5789642,-2.1835463
CCTCGCGCTGTGCGAT-1,3.0146508,-0.16984773
CCTCGGACCGGGATAG-1,1.9892223,2.1059954
CCTCTATCGATTAGCA-1,-3.7960238,1.5667301
CCTCTCTCCCATCTAG-1,0.76904637,0.15459418
CCTCTGTACTATTCTA-1,3.3337948,-1.2393011
CCTGAACGATATATTC-1,-0.006866868,-1.7252612
CCTGACCACCGATGGT-1,1.7688451,-2.9532952
CCTGCTATTTGAGAAG-1,1.419054,2.0197024
CCTGGTCGAATGTGGG-1,4.838938,-2.8339996
CCTGTAAGACATGATA-1,1.2039919,-3.1912253
CCTGTACTCACGCCCA-1,-3.2882526,-5.3066483
CCTGTCACCCGGGCTC-1,-1.601659,-1.3066276
CCTGTCGCCCGTAAAT-1,-0.253,-1.0091506
CCTGTTTGAAGACACG-1,5.0234675,-3.8943126
CCTTCAGTTAAAGTGA-1,-5.358796,-1.3796622
CCTTCGTATAGAATCC-1,-3.4203515,-5.151267
CCTTCTCAGCGTTCCT-1,-6.2916903,-4.3569045
CCTTGACCACTTTATT-1,4.1353917,-3.511186
CCTTTAAGGGAGCACT-1,-5.6119,-1.0668808
CGAAACGCAATTCATG-1,-7.8058386,1.054154
CGAACAGTATGGGCGT-1,1.7396709,-5.3631597
CGAACCCGCATGCGTC-1,-5.2926364,-0.4518436
CGAACGGCCGGACAAC-1,-6.6265693,-0.5135135
CGAAGTTGCTCTGTGT-1,0.43675536,-0.38772434
CGAATGACGCATAATG-1,0.09731938,-5.3160315
CGACACGCTCCGACAG-1,1.7387629,-3.9160705
CGACAGTTCGCGTTAT-1,0.57253957,-2.3991232
CGAGACCCTAGAGTGT-1,1.5342911,-3.818909
CGAGAGATGTGAACCT-1,0.1606821,-1.8347065
CGAGAGCTTTCACTAC-1,4.825384,-2.817021
CGAGAGGGTAGCCGCG-1,-2.5500784,-2.588303
CGAGCACTTCAAGTTT-1,-3.5305066,1.0058595
CGAGGCTAAATATGGC-1,0.2005185,-1.969788
CGAGGGACTGCGGTCG-1,0.41811448,-1.7712367
CGAGGGTATCCAGGTG-1,0.25236183,-5.4218135
CGAGTACTAAAGAGGA-1,-7.9518933,-0.9474443
CGAGTGAAGGTACCAG-1,-5.8771625,-1.2318505
CGATACCTCGCGGACA-1,1.5497646,-3.019768
CGATAGTCGTACTGCA-1,3.5310392,0.9179327
CGATCCGACCCAGTGC-1,1.886287,-2.0046635
CGATCTGTTGGAGGAC-1,-6.6042137,-1.6233721
CGATTAAATATCTCCT-1,2.1055627,-2.7596498
CGATTCGCCTGGCTGC-1,5.0413294,-3.5069828
CGCAAACACGAGTTAC-1,0.6853659,1.6008725
CGCAATTACTTTCGGT-1,0.3500202,0.64943963
CGCAATTAGGGTAATA-1,0.05276795,4.1683836
CGCAATTCTACAATAA-1,-2.1294382,0.6824533
CGCACATGTCCACTAC-1,1.6483046,2.9610844
CGCAGGCGATCCAAAC-1,2.996962,-0.68870664
CGCATGCCGAATGCGT-1,1.7529004,4.4610243
CGCATGGTGCGATGCT-1,2.1746814,-1.5343603
CGCATTAGCTAATAGG-1,2.12905,2.1144857
CGCCAAGAAGCCGAGT-1,-4.503595,-4.563492
CGCCCAGCACGCCTAG-1,-3.3449495,-2.0033958
CGCCCAGCGTTTCACG-1,4.186673,-3.317159
CGCCGCCCATGCCTGT-1,1.1473424,4.535351
CGCCGTTCAGCATAGT-1,5.0358477,-2.1998737
CGCCTCCCTCCTCTAT-1,2.5986516,-2.6203537
CGCCTGGCCTACGTAA-1,-7.303235,0.30238718
CGCGAAGTGGCATACT-1,4.065694,0.63023233
CGCGACCGCGACAGAT-1,6.253324,-2.1913722
CGCGAGTCTGCCGGGT-1,4.18679,-5.9207683
CGCGCATGTTTGATTG-1,2.2133543,-2.4135423
CGCGTTCATGAAATAC-1,0.90328217,1.817031
CGCTACGGGACATTTA-1,1.1029598,-2.3533044
CGCTATTCAATGTATG-1,0.05903601,-0.7871445
CGCTATTCTTAGGCTC-1,-0.034984786,-2.541798
CGCTCGACATAATGAT-1,3.827564,2.6217933
CGCTCTCCGTAGATTA-1,0.9367071,0.16004728
CGCTGGTGACTACCCT-1,4.375729,-5.910212
CGCTGTGACGCCGCAC-1,0.7432932,3.24257
CGCTGTGTGGATGTTG-1,-5.7142615,-2.1677089
CGCTTAGTATTGATAC-1,-2.71001,-5.235119
CGCTTATTCCCGGTCG-1,-8.03361,1.2546059
CGCTTCCACTGAAATC-1,-0.7710142,-0.73267204
CGCTTTCATACCGGTG-1,-1.0881236,-1.7512076
CGGAAAGAATCAAACG-1,-5.4926786,-0.84196347
CGGAACGTAAACATAG-1,-7.57784,-1.3678781
CGGACCTTTACGTCCC-1,1.5888524,-5.9295015
CGGAGCAATTTAATCG-1,3.3260624,-1.1618698
CGGAGCATGGCGATCC-1,1.3001693,-2.7830148
CGGAGTTTGAGAGACA-1,1.2321401,0.93610764
CGGATCCTCAAGGACT-1,6.148954,-2.162289
CGGCAAACATCGTGCG-1,2.4963067,-3.2684035
CGGCAATAAGATCGCC-1,3.0670466,-4.3349204
CGGCCACGCACAAAGT-1,1.6404991,1.8511225
CGGCCAGAGCGACCAT-1,-3.0741992,-4.9813476
CGGCGCCATCAATCCC-1,4.420092,-2.6568096
CGGGAATATAGTATAC-1,3.7044044,-0.1717161
CGGGAATTTATGTAAA-1,1.1095526,0.055683196
CGGGAGCTTCAGTGTA-1,2.1879468,-5.1725097
CGGGCAGCTAAACCGC-1,1.0812339,3.0035086
CGGGCCTTCTTTGTAA-1,1.0855246,-2.795735
CGGGCGATGGATCACG-1,1.5576919,-5.5964518
CGGGTTTGTTAGGGCT-1,2.9723418,-4.423214
CGGTACTAGAATCAAA-1,3.3757837,2.325539
CGGTCCGTCGCAAGCC-1,2.8341372,-0.023681937
CGGTGAAGACTAAAGT-1,-4.1397395,-2.084048
CGGTGCAGATAGAACG-1,-7.97555,1.2107598
CGGTGCGCGTTGGTCC-1,-8.28504,-1.4630373
CGGTTGACCTGGCATA-1,-5.5728736,-2.6672282
CGTAACTTCGACACTT-1,-4.3031497,-4.542427
CGTAGAGAGTAATTAT-1,2.974795,-4.5638533
CGTATTAAGAGATCTA-1,1.0267651,-0.4460323
CGTCACGTCCATTGGT-1,0.7540956,-1.1998056
CGTCGCATGTGAGCCA-1,1.8016142,-4.249796
CGTCGGGTCTAAGCGC-1,-5.815742,-3.2819664
CGTCGTCCTTCGCGAA-1,4.3452635,-4.2693086
CGTCTGGAAGGGCCCG-1,2.8567693,2.387116
CGTGAAGTTAATTCAC-1,1.3080533,-2.9968855
CGTGACCAGTCCTCTG-1,0.046945836,-5.6221037
CGTGCAGACTGGGACA-1,0.49533737,-2.6943154
CGTGCATTGTCGACGC-1,-7.137547,0.006952456
CGTGCCCTCCCGAAGA-1,2.4051309,2.1928844
CGTGGCCGAATATCTA-1,5.9959683,-3.774799
CGTGGTACCCAAAGGC-1,-3.5143661,-5.208827
CGTGTCCCATTCGCGA-1,0.57719994,2.562848
CGTGTCTCGTTACGAC-1,-6.213818,-4.192504
CGTTAATGTCCCGACG-1,5.7602234,-3.858659
CGTTCAGACCCGCGAA-1,-0.24533404,-5.186708
CGTTCATGGTGCGCGT-1,-5.8988714,-3.7927673
CGTTGAATACCGCGCT-1,5.9592733,-2.9224718
CGTTGAGCGACCGTCG-1,2.812667,0.78647316
CGTTGCCCGCGTGGGA-1,-2.8576229,-5.2329807
CGTTGTCGGCAATTGA-1,0.45361286,-5.290358
CGTTGTTTCAATTCCC-1,1.1821157,-0.5227421
CGTTTCGCTCATTACA-1,1.2591524,-1.5086557
CGTTTGTGTAGAGGGT-1,-6.7842383,-1.135683
CTAAAGAATGCCTACT-1,1.3071291,-2.1946323
CTAAAGGGAAATAGGA-1,1.0787567,-0.33126104
CTAAATCCGGTGTACA-1,-3.9594426,-4.5721707
CTAACCGCGCGCCCGT-1,1.7146059,-2.6258833
CTAACTGATAATCGCC-1,4.778318,-2.630078
CTAACTGGTCCGGTTC-1,-8.323147,-1.5698731
CTAAGGGAATGATTGG-1,2.549222,-0.54408103
CTAATTCGCACGCGCT-1,0.5508611,0.9548085
CTAATTTCAACAACAC-1,-0.73748076,-0.41679105
CTACAAGAAATAACCC-1,-5.4780793,-3.4699037
CTACACTCGCAGATGG-1,4.7619095,-2.0399644
CTACGACTAGCTATAA-1,-4.496442,-4.028585
CTACGCACGGAGTACC-1,0.91306543,4.561081
CTACTATCATAGGTTT-1,-3.9087958,1.6203092
CTACTCAAGGTATAGT-1,-5.3412304,-2.851737
CTACTCTAGGCCCGGC-1,-3.6818957,1.6830226
CTACTGCCACCTGACC-1,1.409772,4.1092544
CTAGATTTACGACGGC-1,0.41412985,-1.4997548
CTAGCATAGTATAATG-1,-2.043378,-2.1631413
CTAGGCGCCCTATCAG-1,1.9833534,-4.9420705
CTAGGTTCGGACGTGA-1,4.86201,-3.1897333
CTAGTAGAAAGGGATT-1,4.7138352,-5.1185465
CTAGTCACGTCTTAAG-1,0.21222152,-3.0517397
CTAGTGAAGGACAGGA-1,0.6516469,-0.35529032
CTAGTTACAACCCGGT-1,2.8100762,-2.9675536
CTAGTTGGGCCCGGTA-1,0.9313986,1.643177
CTATAGGCGTTGATGT-1,-4.88157,-4.3856115
CTATCGACGAAATACA-1,2.5371535,-4.3146935
CTATCGGGTCTCAACA-1,-0.9402787,-2.3795555
CTATGCCCGAATGCAA-1,0.44606346,-5.1435156
CTATGGGAAGCGGAAT-1,2.7737617,-5.0973744
CTATGTCACTAGCCCA-1,2.0730698,3.1818168
CTATGTGAGTCACGGC-1,-5.7468762,-1.9022857
CTATTCATGTGTCCCA-1,2.7806246,-1.6067332
CTATTTGCTTGGAGGA-1,-0.90743136,-5.6190987
CTATTTGGTTACGGAT-1,-0.5966864,-1.7449112
CTCAAACCACTGCCCG-1,-5.3378057,-1.7270727
CTCAACTAACCCGGAT-1,4.758996,-3.307481
CTCACATTTACTAAAT-1,3.6000392,-2.661369
CTCACTGTGATACTTA-1,-1.7893997,-2.2816684
CTCACTTGGCTGGTAA-1,-2.220583,-5.499799
CTCATGGTAATTTGCG-1,-8.895005,-1.6525886
CTCATTGCTCTAACAA-1,5.1897936,-3.483926
CTCCCAATGAGTCGCG-1,4.259415,-1.4733644
CTCCCTCCTTTCGATC-1,-5.771104,-3.7847092
CTCCGCCCACATGAGG-1,-3.596385,-1.564329
CTCCGGCCTAATATGC-1,3.7319086,2.884677
CTCCTCCAGCTCACAC-1,-4.6950974,-2.0718155
CTCCTGTTCAAGGCAG-1,1.5912205,-4.5275073
CTCGCCGAATGTAGGG-1,1.5028694,-5.3436894
CTCGGTACCACTGCTC-1,2.4183857,2.8044024
CTCGGTCCGTAGCCTG-1,-1.1408442,-0.76933205
CTCGTCTGTGCCTTCG-1,3.8412924,-5.457672
CTCTACACTGGCGATT-1,-5.8341537,-4.2909956
CTCTAGCCCTCGGAAA-1,4.229047,0.91555536
CTCTATTTGGCTGCAG-1,2.7068062,-0.57361454
CTCTCACAATCGATGA-1,-0.41879505,-1.874494
CTCTGGACGCCTGGTG-1,0.08062173,4.510843
CTCTTCTATTGACTGG-1,6.3349214,-1.9469826
CTCTTCTGGAAGTTAG-1,-5.0901,-2.9977548
CTCTTGTCCCGCTTGG-1,3.5458028,-0.7901869
CTGAATCCGAGACCTC-1,1.4035622,-1.6343347
CTGACATAGAAATAGA-1,1.89029,-0.6235294
CTGATAGTGTATCTCA-1,2.4929142,-2.6878543
CTGCAAGCACGTTCCG-1,4.348454,1.5476259
CTGCACAACTACATAT-1,3.9164586,2.436467
CTGCACCTGGAACCGC-1,-1.40916,-1.2188023
CTGCACTCCAGTACAG-1,5.22466,-4.213014
CTGCAGAGAATCAGAG-1,-2.484475,-2.5264275
CTGCCATGCATCACAT-1,3.5669577,-1.3433735
CTGCCTTTCTAGTAAA-1,4.40631,-3.0185895
CTGCGACCTCGCCGAA-1,2.4245028,-6.09762
CTGCGGGTGAAATGTT-1,-2.197954,0.24727733
CTGCTGAGGCCACGAA-1,-8.890356,-1.566219
CTGCTTGGCGATAGCT-1,5.3912234,-2.373869
CTGGAAATGGATGCTT-1,0.87244964,0.022424448
CTGGAAGACACGGTGG-1,2.383302,-5.0656986
CTGGATTTACACTTGA-1,2.3344164,-0.87005186
CTGGCATCCGAATGAG-1,-8.621142,-1.6830742
CTGGCTGGTTGTCAGT-1,3.325411,-0.41954178
CTGGGATAAATAATGG-1,2.176607,3.0893805
CTGGGCCTGCTATATC-1,-8.090279,1.3171707
CTGGGTAGGCAGTTAA-1,1.2784965,4.441518
CTGGTAAAGTGTGGGC-1,4.7000504,-2.611389
CTGGTAACACATAGAA-1,2.657692,1.5899149
CTGGTTTCGAGCAAGA-1,2.2172773,-3.97498
CTGTACTTCTTAGCAT-1,1.5047137,-2.7049992
CTGTAGCCATCTCACT-1,-6.2017345,-0.23020151
CTGTATGGTGTAGAAA-1,0.45636016,-1.1855677
CTGTGCAGGGTAGGTC-1,0.40187076,-2.9428644
CTGTGGTCGGGAGATA-1,4.264271,-4.70161
CTGTTACCCAATCTAG-1,2.8663244,-0.38962314
CTGTTCACTGCCTGTG-1,0.8921431,4.3263235
CTGTTCATCTCACGGG-1,0.4918266,0.8624743
CTTACACGGTATTCCA-1,0.7086427,0.5061097
CTTACACTGGGAAATA-1,-1.608283,-0.9383434
CTTAGTGTAGTAGCAT-1,5.908235,-3.7353153
CTTCAACTCCACTTGG-1,5.2810106,-4.2899423
CTTCATAGCTCAAGAA-1,1.1523145,-0.82169956
CTTCATTGTCAGTGGA-1,-0.56668025,-1.4574237
CTTCCGCTCCGTGAAG-1,-5.453423,-0.7393312
CTTCGATTGCGCAAGC-1,3.2716987,1.0069844
CTTCGGCCAATTGTTT-1,4.5788856,-1.3776686
CTTCGTAGATAGGTGA-1,2.0683913,-0.5234958
CTTCTATGTTGAAGTA-1,-8.545969,-1.5086485
CTTCTATTAATGCTAG-1,-6.9601507,0.16888157
CTTGCAACCGCCTCCT-1,-6.511944,-0.8204269
CTTGCCCAGGCTCTAC-1,1.0540899,-2.520298
CTTGGCCAAGCTGGGA-1,1.6556535,-5.662381
CTTGTACTTGTTGACT-1,1.3410165,2.772451
CTTGTCAACATTCGAG-1,2.4490047,-3.050981
CTTGTTGCTGAGTCAA-1,3.493406,1.5238855
CTTTAATATTGGTCGA-1,4.544344,-1.8467982
CTTTACCGAATAGTAG-1,2.710509,-0.08570417
CTTTAGGAACACTGTT-1,2.498215,1.1648328
CTTTAGTGCTATTATT-1,2.5574012,-1.0138346
CTTTCTGTGCGGGCTT-1,2.8418162,-0.75124896
CTTTGCATCGCTCTTG-1,4.405738,-4.0884633
CTTTGGCGCTTTATAC-1,-3.3979375,-0.12195718
CTTTGGCTTTAGTAAA-1,1.2528005,1.1531799
CTTTGGGATTGTTGCA-1,-5.097996,-2.0250933
GAAACCGAATTACCTT-1,1.0011,-1.1027731
GAAACCTATACAAATG-1,-3.1390464,-1.94631
GAAACTCGTGCGATGC-1,-3.0514338,0.840488
GAAAGCAGTGCACTTT-1,-0.09404997,-1.4432998
GAAAGCCCTTTGGACC-1,-3.6578798,-1.8533028
GAAAGTGACTAACTGC-1,-1.2841088,0.29680288
GAAATATCACCATCAG-1,-2.807368,-0.28316203
GAAATGGCGGTGTTAG-1,0.63442105,-0.34151018
GAAATTGTCTCTATAA-1,1.0978383,-2.684504
GAACAACTGGGATGAA-1,4.091501,-5.3859744
GAACACACATCAACCA-1,0.65060216,4.3233905
GAACAGATTACTAAAT-1,5.4755087,-4.095299
GAACCCTCTGTGTTCT-1,2.5657878,-3.1915047
GAACCTTTAACGATCC-1,-2.13851,-2.7181387
GAACGTTAGGAAGACG-1,1.2402924,-2.3841932
GAACTGTGGAGAGACA-1,0.4009709,-5.7980423
GAAGAAACGATATTGT-1,-0.640463,-4.283503
GAAGCCACTGATTATG-1,1.1328727,-5.3652887
GAAGCCTGCACATTCC-1,1.0130444,-4.213347
GAAGCGTGAGGAATTT-1,1.2832,2.4915874
GAAGCTTGCTGACCGC-1,0.58288544,1.3047992
GAAGGAGTCGAGTGCG-1,-0.95018584,-5.491276
GAAGTCAGTTGCACTA-1,6.0377836,-3.6667569
GAAGTGATTTATCGTG-1,1.6261449,-3.0905821
GAAGTTTCCACTCAAT-1,0.8158551,-1.576841
GAATAGTGCTCGATTA-1,-6.102528,-4.17142
GAATCGACATGGTCAC-1,0.05975568,4.11531
GAATCTGAACATTCTC-1,1.6878506,-4.314687
GAATGCGAATCGGTTC-1,1.2765503,-4.6492066
GAATGTGGTCCGGATT-1,2.7462265,2.9557936
GAATTATAGTGAAAGG-1,-0.80594003,-2.531878
GAATTCACCCGGGTGT-1,1.0849206,-0.33072522
GAATTTCTCGCTGCAG-1,-3.0293941,0.11529831
GACAACGCAGCTTACG-1,2.2997098,2.7434616
GACAAGAGATGAGATT-1,2.859729,-5.2040267
GACACAAGGGAAGAAA-1,-0.19167556,-1.796863
GACACTGAGTTCAGTG-1,-3.903237,1.0483218
GACACTGGAACCCGAT-1,3.815222,-2.9671402
GACAGCCAGACCTGAC-1,2.8489301,1.7565007
GACAGGCACACACTAT-1,-4.027437,-5.14889
GACATCCGTCGAACTG-1,1.1729445,-4.936191
GACATCGATTTATAAC-1,-5.51697,-0.1702401
GACCAAACGTTGACTG-1,4.672559,-2.0811498
GACCACACTTCCCTTT-1,3.7651587,-5.796026
GACCAGAGCCCTGTAG-1,1.388222,0.7429176
GACCCAATTATGATAC-1,-5.9488564,-4.356101
GACCGACTGAAGCGTC-1,-3.5241613,-1.5227139
GACCGCGTCTGACGTG-1,4.2642536,-1.3697946
GACCGTGCTGACGGTG-1,1.7641957,-2.814968
GACCTTCCACGTCTAC-1,1.6337509,-4.789947
GACGACGATCCGCGTT-1,5.178584,-3.2843294
GACGAGGCTAATAAAC-1,4.9978404,-1.9798663
GACGCCGTAAAGGCTA-1,-3.3079035,-1.7063524
GACGCTTGCTTCTAAA-1,1.8606805,-2.0728762
GACGGGTTGGCCCGTA-1,-3.657346,-1.7366657
GACGTGTAGGGATTAT-1,0.17224441,-0.6746313
GACTAAGATCATGCAC-1,1.0240563,2.520112
GACTAAGTAGGCTCAC-1,0.70967805,2.81845
GACTACAAAGCGGTGG-1,-5.8540773,-3.8907373
GACTAGGCCGTTAGGT-1,2.2057357,-4.908127
GACTGCAAATCGAGCT-1,3.882731,-4.0646977
GACTGCACCAGCCCAG-1,3.2318852,1.4679502
GAGACTGATGGGTAGA-1,1.7519064,1.9151657
GAGACTTCGCGACCGA-1,3.8638153,-1.48999
GAGAGGGCGCGAGGTT-1,0.6390838,-2.8550866
GAGAGGTGCATTCTGG-1,-7.855139,1.0847424
GAGATCTGCTTGGCAT-1,1.0569193,0.36091012
GAGATCTGTCACTCCG-1,0.78018117,-1.689
GAGATCTTCCATGACA-1,3.7087085,2.8539417
GAGATGGCTTTAATCA-1,3.6243367,-5.877898
GAGATGGGAGTCGACA-1,5.4511023,-3.6792755
GAGCACCTGTGTCCAG-1,6.3542953,-1.8383813
GAGCCAGCTACCTGTG-1,3.391735,-5.639076
GAGCGAGGGAGTACCG-1,-1.0204365,-0.6443266
GAGCGCAAATACTCCG-1,4.7531204,-2.6972938
GAGCGCGCACGAGTAG-1,2.3870711,-5.3701787
GAGCGGAATGCGGTGT-1,-4.9822865,-4.481388
GAGGAATGGAGAGGTT-1,0.064865716,-0.3343367
GAGGCCCGACTCCGCA-1,-5.7372723,-2.5830176
GAGGCCTGTTGATACA-1,4.333287,2.254832
GAGGCTATCAAAGTCG-1,-4.0569954,-0.557137
GAGGGAGTCAGATCGC-1,-3.6899095,-4.2118125
GAGGTACGCGTGTCCC-1,1.1173483,-5.7158794
GAGTAAACCGGAAAGT-1,3.293833,-0.021698931
GAGTACGGGTATACAA-1,1.9083349,0.41326332
GAGTAGATACTAGTTG-1,1.5701331,-4.5414715
GAGTATGCCCGCCTTG-1,-7.072252,-1.5052024
GAGTATGCGCGTGCAT-1,1.5055878,-4.3523693
GAGTCAGACCAGAATC-1,-5.4237156,-0.5665704
GAGTCCGCTTACCGGA-1,1.5241574,-2.1414328
GAGTGTCAACCAGAAA-1,4.5498586,-5.486254
GAGTGTGCGGTACCCA-1,2.5887616,-2.9511366
GAGTTGATGGCAATTT-1,-5.156846,-4.3951726
GATACGATGGGAGTCA-1,-3.5776412,1.7473435
GATAGAACCCGCTAGG-1,-6.0196066,-4.232575
GATAGGTAACGTTGAC-1,2.268572,-1.9964341
GATATGAGACACTAAC-1,3.5990584,2.8735766
GATATGGATTACGCGG-1,-3.1199734,-1.9537835
GATCAACATAAAGGGA-1,-5.5942183,-4.2980404
GATCATTCCAAACATT-1,1.4471104,2.1357055
GATCCCTTTATACTGC-1,0.8520149,4.022918
GATCCGGGAATTAACA-1,1.217008,-0.2513669
GATCCTCGACACTGGC-1,-8.455461,-1.7426353
GATCGCGGGCTCTCCA-1,-0.5234816,-2.091428
GATCGCTACCCGATTT-1,3.8462377,-4.0504913
GATCGGTGGCCATAAC-1,2.165243,1.7721947
GATCGTGACTGATATC-1,1.6694404,-3.527568
GATCTGCTATCTAAGG-1,1.6888707,-5.6762447
GATCTTGGAGGGCATA-1,2.2397523,-0.035169918
GATCTTTGCAGGGTAT-1,1.1587961,-1.814981
GATGACAAGTAGGGCA-1,-5.1471725,-1.670685
GATGAGGAACCTTCGG-1,2.2733371,-5.341214
GATGCGTCCTGCATTC-1,-2.9204922,-1.9884951
GATGCTACAAGCGCCT-1,-2.4875805,-1.6098095
GATGCTGTATTTCATC-1,2.1761737,-0.6768776
GATGGCGCACACATTA-1,-0.2720027,-0.27452496
GATGTAACGAACCACC-1,-5.316319,-4.333461
GATGTTCAATCCACGA-1,-3.9475265,0.8003886
GATGTTTGTGCGAGAT-1,-0.18263423,-0.8312773
GATTAACCGAAAGCCC-1,5.1876597,-3.9749415
GATTACTGAATTTGGG-1,-5.9094634,0.4769104
GATTCCCTTGTCGCAG-1,2.201242,2.7444823
GATTCCTATACGGCGC-1,-3.4521863,1.4276813
GATTCGACGGTTCACG-1,0.5250497,-2.882976
GATTGGGAAAGGTTGT-1,1.9388916,-4.4000764
GCAAACCCTACATTAT-1,4.2836523,-5.1563187
GCAAACCTTGGCCATA-1,3.21662,-3.4099004
GCAAATATTACGCTTT-1,0.6998233,-1.6668489
GCAACACACTAGAACT-1,-5.832268,-0.7122448
GCAACCACGGCCGCGT-1,-7.971818,1.1994269
GCAAGAATTCCTTGGC-1,-6.3983808,-0.40954432
GCAAGTGCACAGAGAA-1,0.94997734,2.7090921
GCAAGTGTAAAGCATG-1,-3.3499503,-5.2577615
GCACACACTGGTAGCC-1,5.150652,-4.573312
GCACACAGCTATTACC-1,3.9122288,-5.893277
GCACGCCGATTCCCGC-1,3.7361474,-6.024545
GCACGCCTACTTAGAT-1,-6.082291,-0.6419213
GCACGTGGTTTACTTA-1,4.340746,2.3259563
GCACTGCCTACCTTTA-1,0.39651138,-5.3350043
GCAGATCCATAAGACT-1,3.7383125,-3.5877635
GCAGATTAGGGATATC-1,-0.68373954,-2.2305164
GCAGCACACAGCCCAG-1,1.7375693,-2.0326097
GCAGCTGTCAACGCAT-1,4.0281425,-5.874972
GCAGGACTATAGAATA-1,0.644655,-0.45191568
GCAGTGTGGCTATAGG-1,5.9764996,-3.509463
GCATACGAGGTCTTTA-1,-3.8612463,-1.938201
GCATAGAGCACTCAGG-1,-1.1790787,-1.5213172
GCATCGGCCGTGTAGG-1,5.4185047,-1.3997222
GCATTGTAATTCATAT-1,-3.8703568,-5.2311625
GCCACAATTTAAGGAC-1,-8.054428,-1.2980793
GCCACTCAGAGCGCGA-1,4.4277287,-5.415192
GCCATCGAGCTGCGTG-1,-5.754415,-0.08480422
GCCCAGTTGGTATGCC-1,0.5502282,0.73269427
GCCCGACTTCTTCCCG-1,-8.952833,-1.6063367
GCCCGATCTGTGGTCG-1,3.2433536,-0.77033377
GCCCGCGCGTAAACGG-1,-8.103285,-1.4715308
GCCCGCGCGTTTGACA-1,0.761159,-0.6996361
GCCCTGAGGATGGGCT-1,1.6207086,-5.681682
GCCGAAATTCCTACGT-1,0.5850087,-2.4113736
GCCGATTGGCCAAGCT-1,4.3982944,-5.5416074
GCCGCATTAGTCCGGC-1,-4.1335306,-1.3089257
GCCGCTTGTGAGAAAC-1,1.343031,-2.0340073
GCCGGGTTAGGGTCGC-1,2.0055025,-3.7521603
GCCTACGTTCTGTGCA-1,3.8873277,-5.645554
GCCTAGCGATCTGACC-1,1.4044794,0.46918055
GCCTATTCCGATATAG-1,-0.58365804,0.024482189
GCCTCCGACAATTCAC-1,4.527533,-3.8597028
GCCTCTATACATAGCA-1,3.5345435,-3.4711723
GCCTTCAGCCCTACCG-1,-1.4519757,-0.9657646
GCGAAACGATCGGGAG-1,4.6399055,-4.1644754
GCGAAACTTAACTGGA-1,3.5928874,2.26377
GCGAAGAATCTGACGG-1,3.4023378,-5.005449
GCGACCCAACCATCTG-1,-6.7143474,-3.9736204
GCGACGATAGTTGTAC-1,1.0774997,-1.6626018
GCGAGGCCCGAGCAGA-1,0.923783,-1.1431916
GCGAGTTCTGCAAAGA-1,-0.22709534,-1.1418185
GCGATTGTTAACGTTA-1,-0.57699555,-1.97252
GCGCAAATATATTCAA-1,-0.97642636,-4.7088532
GCGCCGTTCCACGATA-1,2.8911703,-1.5600115
GCGCGGTCTAGTAACT-1,-2.610595,-5.3723493
GCGCGTCATTGGTACA-1,6.061732,-3.378505
GCGCTAATTGAATAGA-1,-0.6376929,-2.6426892
GCGCTATGCCGAGGCA-1,-3.5806637,0.51817083
GCGCTTAAATAATTGG-1,5.081182,-3.4497292
GCGGACCGCGTTGTGG-1,-7.33897,0.63048285
GCGGAGAAACTTCGCA-1,-6.1185784,-1.774847
GCGGAGAGGGAGAACG-1,1.3413934,4.3951187
GCGGCAAAGTATTGCC-1,-0.69962126,-4.310559
GCGGCTCTGACGTACC-1,1.8650479,-2.319401
GCGGCTTTAGCAAGTT-1,3.6663687,-5.2565284
GCGGGAACCAGGCCCT-1,-2.7222984,-1.5846668
GCGGGCGAGCCTTACC-1,-6.4352865,0.6074639
GCGGTTCCCTATCATG-1,-2.757157,-1.2711484
GCGTCCCTAAGACATA-1,-4.3703876,-3.1688986
GCGTCGCCAGGGTGAT-1,2.308299,-2.8845048
GCGTCTCTGCATTGGG-1,0.3713732,-2.7265577
GCTAAACCTGAGGTGA-1,-3.565605,1.6945499
GCTAACTGAAGTCTGA-1,4.7951703,-3.814132
GCTAAGTAGTTTCTCT-1,-1.5453025,-2.0685108
GCTAATACCGAATGCC-1,3.7996716,2.5420687
GCTACAATCGAGGATA-1,4.4120145,1.5524223
GCTACAGTACGGACCG-1,-6.16908,-4.2536716
GCTACGACTTATTGGG-1,0.5621773,-2.7463827
GCTACTATAGTAGAGT-1,2.3252895,-5.133815
GCTAGAGTAGAGATGT-1,-2.2723916,-2.9377608
GCTAGCTTGAATAGCT-1,-6.983474,0.36661655
GCTAGGCACCACGGAG-1,4.1735816,-4.410894
GCTAGTAGAGCTTGTA-1,1.8297992,-2.9769917
GCTATACGTCTCGGAC-1,1.8078951,-4.280276
GCTATCATACTCATGG-1,5.198537,-3.2723374
GCTCAATCCGTTTATT-1,-6.752354,-2.641547
GCTCAATGTAATACCG-1,0.9364509,-5.590181
GCTCCATGCAAAGCAA-1,-5.641453,-4.3396864
GCTCCTGACATACTGG-1,-5.4664593,-1.5451751
GCTCTAAACCCTGACG-1,0.8917228,3.1239855
GCTCTATGTTACGTGC-1,-0.023756983,3.9759781
GCTCTCGGGTACCGAA-1,2.5590897,1.0813696
GCTCTTTCCGCTAGTG-1,0.17856224,-5.377813
GCTGAGGCGTGAGTAT-1,1.993087,0.24454854
GCTGCACGGTTTCTTA-1,0.45708674,-1.7246443
GCTGCTAAGTAGTCGA-1,3.1579118,-0.38373896
GCTGCTACTGCGTAGC-1,4.308615,1.534726
GCTGCTCTCCGGACAC-1,0.42124835,4.5150833
GCTGGCATATTCACCT-1,-3.1650472,-0.00035147814
GCTGTATTACTGGCCC-1,-8.781674,-1.4926565
GCTTAATGTAACTAAC-1,2.7831562,2.5033016
GCTTGATGATAATCAG-1,0.9101275,0.6548763
GGAAACTAAATGGGCC-1,4.3231378,-3.8676124
GGAACCGTGTAAATTG-1,-5.5676975,-0.108001515
GGAACTTTGGCGATTA-1,4.4268503,1.206639
GGACCAACAGGATAAC-1,2.8576121,-2.0632544
GGACCTCTAGGCCGCC-1,-1.2533351,-4.5671864
GGACTCGTGAGTGGTC-1,-4.9983363,-3.317493
GGACTCTTTGACTAAG-1,3.9545472,-5.737593
GGAGAAGTCATTGGCA-1,1.2874413,1.4846627
GGAGACGACACCTTTG-1,0.6047005,-2.4399788
GGAGCAACATTTCAAG-1,-2.4577937,-2.6685197
GGAGCGAGGCCTACTT-1,1.2622608,-5.6144915
GGAGTGCCGCCCTGGA-1,1.4685673,2.4301512
GGATGACGCGAGTTTA-1,1.1387254,-1.8248198
GGATGCTGGCGTTCCT-1,-6.002419,-4.2378836
GGATGGCTTGAAGTAT-1,3.8096366,2.2357957
GGATTAATCATGGACC-1,4.0657578,-5.1358576
GGATTCAGTACGGTGG-1,1.0958701,-0.9078255
GGATTGCTGTGACTCC-1,5.4203978,-4.027059
GGCAAAGGCGCCAATA-1,-6.530406,-1.6396698
GGCAAATTACTTTACT-1,0.94110566,-3.2848756
GGCAAGCCCATAGTGG-1,-0.3960855,-5.5076566
GGCAAGGCGAAATAGC-1,2.633212,-1.1740261
GGCAATAGTCAATGAG-1,-0.40769762,-1.7983931
GGCACTCCACTGGGCA-1,0.8709028,-1.3070371
GGCAGCAAACCTATGC-1,4.405369,-2.3038673
GGCATACAGGTAGCGG-1,-3.7948952,-0.3806151
GGCCCAGCTGGTTTGC-1,3.0270102,-5.979028
GGCCCTCACCCACTTA-1,-3.8044713,-4.3924384
GGCCGAGACTCTGGTG-1,-3.8169935,-5.03468
GGCCGGCGTCTGCTAT-1,2.101073,-4.3993096
GGCCGTTTGGGTTTCA-1,-5.718346,-1.49708
GGCCTGCTTCTCCCGA-1,4.4019814,1.235465
GGCGAAATCTAACTTG-1,2.4708803,-3.7061193
GGCGCAGGACATCTTC-1,-4.55117,-1.4554636
GGCGCATGAATTGATG-1,2.242595,-1.8225833
GGCGCGGAGATCTTTC-1,5.8414474,-3.7913077
GGCGCGTTCGAGTTTA-1,2.4051175,-1.6919422
GGCGCTTCATTCCCTG-1,1.1329758,-5.828662
GGCGGAGTAATATTAG-1,1.0522361,0.30933964
GGCGGTAGGATCATTG-1,-0.894613,-1.5805218
GGCGTAGGGAAAGCTG-1,4.7129874,-5.111482
GGCGTCCTATCCGCTG-1,0.519441,0.7110789
GGCTACTATACACTCC-1,-4.0612645,-2.80232
GGCTATTAAGTTGTAT-1,1.194497,0.89530456
GGCTCCTCCACCTGTT-1,-6.765797,-3.9089432
GGCTCGTGCCACCAGC-1,1.281553,-0.5500493
GGCTGAAATAGCAAAG-1,1.0611489,4.5354347
GGCTTTCAATAAGGGT-1,1.6531222,-5.3490195
GGGAACGGGAGGTTAG-1,-7.1634583,0.5845091
GGGAAGACGGTCTGTC-1,3.2669644,-4.200222
GGGAAGGGCTTTCTCA-1,4.8534956,-3.1768892
GGGACCCGTATATCTT-1,3.0696285,-1.0143604
GGGACTGCATAGATAG-1,0.003359344,4.5461035
GGGAGAACTCACAGTA-1,0.76774204,3.03065
GGGAGCGACCGTAGTG-1,3.7064614,-5.635277
GGGAGGATGCCCGAAA-1,-0.6864183,-1.4933666
GGGAGTTAATGAGGCG-1,0.17305356,-3.2157722
GGGATGGTCGTAACCG-1,-7.822947,-1.4221852
GGGATTTACCGCACCT-1,1.316598,1.0721973
GGGCAGAGCAATCGTT-1,2.6099627,-2.9875653
GGGCAGTCAACGCCAA-1,3.484951,-5.9073577
GGGCCCGTCTTAAACA-1,0.8025754,-3.390859
GGGCCCTACGAAAGGG-1,-4.9501276,-3.5603428
GGGCGATATGTGTGAA-1,1.5217627,2.4994733
GGGCGGCAAATGAATT-1,-6.085473,0.029905142
GGGCGGGTTCCCTACG-1,-5.993357,0.62160224
GGGCGTCACCACGTAA-1,-4.6829133,-0.47219065
GGGCGTGGTTTCCCAG-1,-2.21355,-2.94824
GGGCTATGATCGATGG-1,-5.455094,-0.9425748
GGGCTGCCTAGGGCGA-1,-0.39840707,-2.4426596
GGGCTGGTTAGTCGCG-1,0.23293974,-1.0931647
GGGTACTTCATGAACT-1,1.6572385,-2.475018
GGGTATGTATGCACTT-1,-3.681122,1.6025245
GGGTCACCGTGACGGT-1,0.6344989,-1.7354357
GGGTCAGGAGCTAGAT-1,-1.6698977,-5.3785634
GGGTGACACCTTAACT-1,1.9114985,-2.309098
GGGTTAACATTTGAGT-1,-7.902419,1.1469835
GGTAACCGGGAGGATA-1,-5.102887,-4.417404
GGTACAAACATGCTAT-1,1.2590272,-3.2579563
GGTACATCTGGGACGA-1,-5.0068574,-3.353092
GGTAGAAGACCGCCTG-1,5.825326,-2.6884568
GGTAGACCGTTGGGCG-1,-3.0252717,-1.8951126
GGTAGTGCTCGCACCA-1,-0.16727206,-3.0621762
GGTATTGCCGAGTTTA-1,0.67309153,-1.4292804
GGTCAAGACTACTTCG-1,3.889,-1.7955209
GGTCAGTGGGTCCCAC-1,1.858905,-2.9937987
GGTCGGTCGTCCACAG-1,2.2724252,-1.5669531
GGTCGTAAGCTCGCAC-1,-5.8277183,-4.1407566
GGTCTCCGTCCAGGTT-1,-2.154878,-1.5546939
GGTCTCTGAATGGACT-1,-6.5854726,-4.1319785
GGTCTTGAGCGCTCTT-1,0.6399923,-5.1339135
GGTGATAAGGAGCAGT-1,1.5125713,-1.0165938
GGTGCATAAATGATTA-1,-2.786114,-5.175818
GGTGCGGATAAGTGGC-1,-0.91885054,-1.2975386
GGTGCTGATCACAAAG-1,-1.5142506,0.4981355
GGTGCTGGTACACATT-1,-3.7707627,0.3326195
GGTGGACTGCTCTGGC-1,4.1678796,-4.5215855
GGTGTAAATCGATTGT-1,-0.47823647,-5.670612
GGTTACCACCCTCGGG-1,-7.5086474,-0.3466576
GGTTAGCTATATGTCT-1,3.510834,-3.8157256
GGTTAGGCTTGGAGAA-1,0.4887241,0.70817786
GGTTAGTTACGGCGCC-1,-2.7256255,0.8347766
GGTTTAATTACCATCG-1,-4.7472353,-2.1742857
GGTTTAGCCTTTCTTG-1,6.422265,-1.921519
GGTTTGTGACCTGAGG-1,3.7500749,-3.3103871
GTAACATCTAAGATAA-1,3.5669968,-4.0880637
GTAACTGCCCAAGGAG-1,-2.7108247,-5.095088
GTAAGCGGGCAGTCAG-1,1.6856647,3.3140173
GTAAGTAACAGTCTGG-1,0.4320182,4.569762
GTAAGTAGGGTATACC-1,0.6948644,2.7857044
GTAATCTGATTCTTCG-1,-6.283443,0.39717978
GTACACTTACCTGAAG-1,-0.8642672,-2.4637175
GTACAGAGGCAAGGGT-1,0.08503212,-2.1061208
GTACGAGATTGCGACA-1,1.4035115,4.489125
GTACGCTTCATTGCAC-1,1.8642681,-0.98143876
GTACGTTTGCCCGTCA-1,2.7385805,-1.2369832
GTACTAAGATTTGGAG-1,-5.466288,-0.7013296
GTACTCCCTTATCGCT-1,-4.105334,-0.68279356
GTAGACACGCCTGACT-1,1.1641123,-4.6175675
GTAGAGGGAGACAAGT-1,-6.7248816,-3.982045
GTAGCCAAACATGGGA-1,4.2220807,-3.3602374
GTAGCGGCTATACACT-1,0.81293184,-3.0435355
GTAGTCGCGGGAATCA-1,4.1113644,-2.6377962
GTAGTCTACGATATTG-1,-2.91407,-2.1427357
GTAGTTCGAAGGCGAA-1,-5.321269,-4.308168
GTATAGGACTCAGTAG-1,3.3959806,3.184689
GTATCAAACGTTAGCT-1,5.118238,-3.7387695
GTATCAAGGTACTTCC-1,3.3735056,-5.989293
GTATCAGCTTGGGTTC-1,1.1014775,-1.5033172
GTATCCTTTGGTAACC-1,5.0234385,-2.936321
GTATCTTTCATAACCA-1,2.3919618,-0.25146392
GTATGAAATTTCACTC-1,-5.8400717,-3.1136854
GTATTCTGAGAAACGA-1,-8.860275,-1.4917392
GTCAACCAGGCCTATA-1,4.174479,2.3350496
GTCAAGCGGACTCGGG-1,0.5694416,-1.0713334
GTCACTCTCCAAATCT-1,-0.18722428,-0.03174933
GTCAGAATAGTCTATG-1,0.41035715,0.7628734
GTCATGCGCGAGGGCT-1,4.052546,1.1186609
GTCATGGACATGACTA-1,2.1342528,2.3397207
GTCATTAGAGCGAACG-1,-0.28551233,-2.5061226
GTCATTGCATTGACCC-1,-4.8866262,-0.7001764
GTCCAATATTTAGCCT-1,-2.6816335,-5.0094666
GTCCCAACGTAAAGTA-1,0.043721147,-2.5486987
GTCCCGCGACGTTATG-1,6.1881995,-2.3017633
GTCCGGACCTGAAATT-1,2.800679,-4.9638367
GTCCGGGTTCACATTA-1,1.0372636,-5.550158
GTCCTACGAATAGTCT-1,1.6814473,-4.5572696
GTCGCCGTTGTGTGTT-1,-6.3968253,-1.8220124
GTCGCGTAACCCGTTG-1,0.60556006,-1.7128004
GTCGGATATCTCAGAC-1,1.2194865,0.874374
GTCGGGAAGCAGAAAC-1,4.0128975,-5.5185113
GTCGTACCATCTCGGG-1,1.5241393,-3.6098523
GTCTAGTGAGCCGCTT-1,4.167714,2.0341127
GTCTATCTGAGTTTCT-1,-4.051493,0.43769115
GTCTATTGCATGCTCG-1,4.1781693,2.4786136
GTCTATTGGTTCCGGT-1,2.424046,-5.3246818
GTCTCAAGGCCCGGCT-1,1.5048219,-4.421764
GTCTGGGCGGTCGAGA-1,-7.613588,-1.3175545
GTGACAGCTTCCCACT-1,1.4339507,-3.92758
GTGACGCAGGTTTCAT-1,2.0371737,-4.7040143
GTGACTTCAGTAGTGC-1,-4.9554806,-0.63477033
GTGAGCGTGCTGCACT-1,-2.850735,-1.5305172
GTGAGGACACTTAAGG-1,1.9599626,-0.6083832
GTGAGTGGTACAACGC-1,-2.8868158,-2.1219935
GTGATCACTAACGCCT-1,5.896145,-1.7944369
GTGATCATAGATCTGC-1,2.2599926,-0.76033545
GTGATCCTTGTCATGA-1,4.982234,-5.041456
GTGATTCGCCGCTCAA-1,-8.840269,-1.7061174
GTGCACCAGCTTCAAC-1,-2.8528666,-5.2257037
GTGCCATCACACGGTG-1,-8.076142,1.3026603
GTGCCCGTTCGGATTC-1,0.70430565,4.433328
GTGCCGCTTCAAAGGT-1,-4.0430784,0.9470928
GTGCCTGAGACCAAAC-1,3.9957404,-5.7943964
GTGCGAAATCGAACAC-1,-7.6530604,-1.3026471
GTGCGGGTCTCCAAAT-1,3.544134,2.5398588
GTGCGTGTATATGAGC-1,2.2254746,2.717851
GTGCTCAAGTACTGTC-1,0.7535812,-1.276521
GTGGACCAACCCGATT-1,-7.3727365,-0.3094516
GTGGACGCATTTGTCC-1,4.707939,-4.319909
GTGGACGTGCTGAGAC-1,3.1115546,-1.123608
GTGGAGTCGGCGGTTG-1,-6.506534,-0.447526
GTGGCAAACAGCGGCA-1,-4.8358994,-4.544284
GTGGCGGTCCCAGCGT-1,-4.11539,-4.960644
GTGGGAAGACTGAATC-1,-6.2631826,-4.1661577
GTGGGCTTAGACACAC-1,0.13887897,3.705528
GTGGTATAGTCTGCCG-1,-6.1815658,-2.391404
GTGGTGGCCAAGTGAA-1,1.5156142,4.4939227
GTGGTTTCCGCCTTTC-1,-8.062715,1.2802116
GTGTATATCAGCGGGC-1,4.348537,-5.427896
GTGTCGTATAGCGTTC-1,5.2688746,-3.1353774
GTGTTACTATGCGTCC-1,1.5006843,-1.3754312
GTTAAAGTAGGACTGG-1,-1.9155574,-2.8410132
GTTAACATCACTTAAA-1,4.371084,-4.4910903
GTTAAGGGTGCGATGT-1,2.5011342,-4.5034404
GTTACAATTGGTGACG-1,1.8102142,-2.3039713
GTTACCTACAACTTGC-1,2.8316493,-0.052708976
GTTACTTTGGGCCTAG-1,0.91623855,-2.129143
GTTAGCCCATGACATC-1,3.3464127,-2.3332405
GTTATAATACGGTGAA-1,2.777227,-4.25253
GTTATATTATCTCCCT-1,3.041258,-0.85404736
GTTCACAGGAGTCTAG-1,0.3229182,-0.5698215
GTTCAGTCGCCAAATG-1,-3.879162,-5.1146045
GTTCCAGTCTGACCAT-1,-2.3810902,-1.6449172
GTTCGCCATAAGTGCC-1,-2.2365322,-1.8548201
GTTCGCTGAGACGTCT-1,2.5683167,-4.65682
GTTCGTCTAAAGAACT-1,2.3243856,-5.0337434
GTTCTTCCCTCGATGT-1,-1.460858,-1.12663
GTTGAACCGGTTCCAT-1,-5.9411607,0.6085389
GTTGAGTCCCGCCGGT-1,5.070805,-4.458457
GTTGCACGGAGTTTCG-1,0.9641053,3.0369782
GTTGCGGACGGTCAGG-1,4.0804377,-6.040434
GTTGGATTTGCGTTGG-1,0.2683099,-2.538606
GTTGGTCATGCTATCC-1,3.2101228,-0.8461022
GTTGTAGATTTATGAG-1,-1.8608035,-5.465422
GTTGTCGTGTTAGTTG-1,-1.2038628,-2.2740602
GTTTACGTTCCATCTG-1,2.6199083,-2.8758814
GTTTCAAACGAGTTGT-1,4.4517264,1.4151319
GTTTCATATCGTCGCT-1,-4.208208,-4.9497485
GTTTCCTGGAGGGTGA-1,0.52578866,4.224942
GTTTCTAGAGGCGCGG-1,0.30845204,-2.3692412
GTTTCTGCAGTCTCCC-1,0.5604946,-1.7843791
GTTTGACCAAATCCTA-1,0.33024457,4.42985
GTTTGGGCTTGTGAGC-1,2.450564,-2.747519
GTTTGGGTTTCGCCCG-1,4.4876523,-2.1791613
GTTTGGTAGGGTCAAC-1,5.052617,-1.2680787
TAAACCCAGGAGGGCA-1,-6.8253107,-0.38163787
TAAAGCGGTATTTCCA-1,-4.48894,-2.182205
TAAATGAATCCGTTTC-1,-0.21986547,-0.6093449
TAACAAAGGGAGAAGC-1,0.79624844,0.980825
TAACAGCGTTTGTGCT-1,-4.0053263,-2.0185406
TAACATACAATGTGGG-1,0.34040633,-3.333054
TAACATACACGCGATC-1,-5.412279,-2.8711767
TAACCTAGGGAGTCCA-1,4.692598,-2.3965373
TAACGCTTTGAGAGCG-1,-2.1737578,0.57137644
TAACTATCGAAGGTCC-1,1.0349135,1.1232992
TAACTCATCCGCGCGG-1,-3.2918274,-0.04705503
TAAGCAGGCGACACGC-1,-4.6339607,-1.1702781
TAAGGAACTTGTGGGA-1,2.1782024,0.24149105
TAAGGCATAACATCAA-1,-5.512558,-0.66541886
TAAGGCCCGTCACCCT-1,1.8375636,-4.6160307
TAAGGCTGAATCCCTC-1,4.6452045,-1.4088458
TAAGGGCCTGTCCGAT-1,4.771391,-4.6785316
TAAGGGCTGGGAGAGG-1,-4.712926,-1.0276967
TAAGTAACATCTTGAC-1,-8.704278,-1.4861006
TAAGTCGCCGAGTATC-1,-6.4793277,-1.7758603
TAAGTTGCGACGTAGG-1,2.3239992,-4.7614064
TAATACTAGAACAGAC-1,4.27815,-2.9668963
TAATAGAACAGAGTTA-1,-7.555884,-0.6855591
TAATATTGAAATTCGC-1,-1.8528674,-1.0649136
TAATTACGTCAGTAGA-1,-2.4637103,-2.5205114
TACAACGCACAACTCA-1,1.5358118,-3.0199401
TACAAGGGCTTCTTTA-1,3.7060335,2.4341161
TACAAGTCTCGTGCAT-1,-3.6358032,1.5131916
TACACAGCCGTGGTGC-1,3.9498076,-6.011841
TACAGAAACGGTGGGC-1,-2.236348,-2.9855917
TACATAGGCATACACC-1,2.7468314,-1.9598957
TACATCCCTATCCCTG-1,-6.481968,-4.293586
TACATTTCTAACGTGC-1,1.1832492,-2.2415342
TACCAAATAGCCCAGA-1,1.6807784,-4.9784966
TACCAATAAAGTACCA-1,6.0356874,-2.3674479
TACCAGAAGTAGGTTC-1,-4.8677063,-0.25933477
TACCGGCTCACTGCCC-1,2.2784536,0.31486505
TACCGGTCGTTTCCAT-1,-7.6152325,0.85292035
TACCGTAGGTTAACTA-1,2.9729624,-0.36057186
TACCGTGCCTCGGACC-1,5.95882,-2.3942585
TACCTACTCCCAGTAT-1,1.2246923,-4.1102867
TACCTCACGCTTGTAC-1,-2.4214048,-1.5092276
TACCTCAGTTGTCTGT-1,-3.4334776,-1.852771
TACCTGCTGCACTGTG-1,-2.8253438,-0.06276579
TACGAACACGACTTCA-1,0.9788116,-0.17168331
TACGACGCTTGCTGCG-1,0.93543386,-2.2277453
TACGACTGCCTCTTAG-1,2.6172762,-1.8281381
TACGAGAACTTCACGT-1,0.88014466,-1.6020831
TACGATGTTGATCATC-1,1.6039449,0.4620695
TACGCAGTTCTTTCCT-1,1.3930355,-3.1079264
TACGCCATATTCTAAT-1,1.5431241,-2.6573446
TACGCCGAGGGTACCC-1,-6.1995797,-1.8448497
TACGCCTCCATTCCGA-1,3.242321,-1.039124
TACGGAAGCCAAACCA-1,1.6406159,-5.5105095
TACGTAAAGCGGAGTG-1,4.164572,0.5486063
TACGTACTAGTGCTGA-1,-5.289569,-2.3274016
TACGTGCACTATGCTG-1,0.48556775,-1.1494578
TACGTGGGCCCAGGGC-1,3.0053465,-5.6725106
TACGTTTACCGGCAAT-1,-7.216021,0.42995661
TACTATGGTTCCTCAG-1,-5.996783,-0.48508245
TACTCCTCTAGTTGAC-1,-3.987209,-2.07412
TACTCGGCACGCCGGG-1,-5.145541,-1.170968
TACTCTTACTTTACTG-1,4.4974117,0.62409943
TACTCTTTCGTCTTCA-1,-5.740352,-1.3543353
TACTGAACAGATTTAG-1,-7.02969,-0.20966153
TACTGGACAGCTCGGC-1,-4.511679,-1.703609
TACTTTCCGCACGCCA-1,-5.845014,-1.2872574
TAGAATAGCCGATGAA-1,-2.692245,-1.6732517
TAGACGAAACGCCAAT-1,1.6293505,-4.6276073
TAGAGATCATGCAACT-1,-7.1862254,0.28626725
TAGAGGTTCTACTTGT-1,5.092208,-4.179691
TAGAGTCTAAGCGAAC-1,1.0056819,0.9262405
TAGATATGGACTGGAA-1,0.5080258,-2.9197974
TAGATGGTTCCTTACT-1,4.7769275,-5.104713
TAGATTCCTGGTTATT-1,-2.91085,0.028555129
TAGCAACCTGTCACAA-1,-2.0666683,0.67003095
TAGCAGTATGACTAAA-1,4.1131516,2.6037366
TAGCCATTTCAAAGTC-1,2.2771845,-3.1095612
TAGCGTCCGGTGTGGT-1,4.280188,-4.1138253
TAGCGTTGGGTCTTAC-1,0.45555657,-3.0561547
TAGCTAAGTCCGGGAG-1,1.5067388,2.8726034
TAGCTAGAAGGCATGA-1,-4.4319963,-0.35816905
TAGCTAGTGATGATGG-1,-5.360718,-1.3618273
TAGCTCGCCTGATAAC-1,-2.6717014,-1.9950504
TAGGCTAAAGTGGCAC-1,4.1685724,2.0795653
TAGGGTGTTTCAAGAG-1,1.391513,2.648215
TAGGTCCAAGTAAGGA-1,-3.2710216,1.1170483
TAGGTGACGATAACCT-1,-2.8609695,-2.2547598
TAGGTGAGCCCTACTC-1,0.54943216,1.0795287
TAGGTGCTCGCCTAGC-1,1.60464,2.8344693
TAGGTGTTCCACAGAT-1,0.99054635,-4.424902
TAGGTTCGAGTTCGTC-1,-2.0416439,-1.7306774
TAGTAGCTTATACCAG-1,-5.34316,-2.2864807
TAGTCCCGGAGACCAC-1,2.4374855,0.17686024
TAGTCCGCAGAGAATG-1,1.8487529,-2.3631494
TAGTCGATCACGGGTT-1,3.6272256,-2.331711
TAGTCTAACAACGAGA-1,-7.12786,0.38036504
TAGTCTTTCCGAATTG-1,3.177798,0.14323005
TAGTGCCCTCCAGAGT-1,0.2351406,-1.6285332
TATAAATCCACAAGCT-1,3.2150598,2.1451113
TATAAGTGAGGATAGC-1,0.8920968,0.682006
TATACACAGACGCCTT-1,3.218292,-1.6098163
TATACACGCAAAGTAT-1,0.69209266,-0.97102004
TATACGCGTCATCACT-1,-2.4555976,-2.4603856
TATAGAGTCGCTTGAA-1,4.231268,-5.957945
TATAGGGTACTCATGA-1,-4.365511,-2.3245914
TATATATCGAGAAATG-1,-0.56692034,-4.469481
TATCCAATTGGTTATC-1,5.936185,-2.3862581
TATCCATATCATGCGA-1,0.5595463,-0.17091505
TATCCGCACCGTCGGG-1,-2.6332133,-2.2371116
TATCCTATCAACTGGT-1,-4.263666,-4.858777
TATCCTGCATGGGAAT-1,-1.3963044,-1.3104788
TATCTACAGAGGTAAT-1,-2.1072395,0.6087162
TATCTACCACAGCGGG-1,1.8577763,-3.5264113
TATGAAGAATTAAGGT-1,1.9718242,4.39024
TATGAAGACAGGTGCG-1,-1.668032,-0.28317347
TATGATCTTCTCTTTA-1,5.0491257,-3.844793
TATGCTCCCTACTTAC-1,2.2525153,2.3397634
TATGGATGTGCTACGC-1,1.3355341,2.4679785
TATGGCCCGGCCTCGC-1,-3.2195864,0.03405173
TATGGGACCGAGCAGG-1,-1.9542494,-1.3869704
TATGGTCTGAGTAACA-1,-1.2776234,-1.4486438
TATGTAAAGTGCTTAA-1,-2.7423031,-5.1626043
TATTAACCTGACCGCG-1,-5.6167946,-0.76825315
TATTCAATTCTAATCC-1,-0.84453183,-2.3716567
TATTCCACTCAGCTCG-1,3.060826,-0.6519937
TATTCCGAGCTGTTAT-1,3.8726385,-4.4410133
TATTCGTGCCAGAATA-1,-3.0350592,-2.1083283
TATTTAGTCTAGATCG-1,3.842782,2.667832
TATTTGATTTGCACAG-1,3.495895,-5.66071
TCAAACAACCGCGTCG-1,1.7790946,2.5884926
TCAAACTTAGATTGTT-1,1.6333667,3.5008807
TCAAATTGTTGTGCCG-1,2.809629,-5.445624
TCAAATTTGAGACTCA-1,4.794195,-4.061651
TCAACAAAGATAATTC-1,-6.3430395,-0.8151178
TCAACATAGCGCCCTA-1,-5.996519,-1.1823244
TCAACATCGACCGAGA-1,-6.3322434,-4.257621
TCAACCATGTTCGGGC-1,0.43903643,4.3216844
TCAACGAGGAGACAAA-1,2.353849,-0.39697665
TCAACGCGACCGGCAG-1,-5.2988677,-3.2372656
TCAACTAACGTATAAC-1,-5.479589,-0.65455186
TCAACTGCAGAGTCAG-1,4.633201,-3.8332126
TCAAGCGCGGACGGTA-1,2.9703825,-4.1821623
TCAAGGTTACTACACC-1,5.6936493,-1.3586721
TCAATACGCCGTCATG-1,0.5922832,-4.951982
TCACAAACCGAGGTAC-1,3.2297938,-0.2556278
TCACAGCAAACTCGAA-1,-5.478591,-0.14542994
TCACAGGAGAATAAGA-1,-5.443112,-0.25171065
TCACAGGGAATCGCAA-1,3.0024452,1.1785223
TCACAGGTTATTGGGC-1,0.7830586,-0.24796554
TCACATCTTATCTGAT-1,-3.1400776,-1.8040408
TCACCCTCTTAAGATT-1,1.655373,-3.153616
TCACGATGTCCGTGGA-1,-6.2309966,-0.7459728
TCACGCATTGTAGATC-1,1.0476472,-0.027891638
TCACGGTCATCGCACA-1,1.3394096,4.534348
TCACGTGCCCGATTCA-1,-0.39593562,-2.3070858
TCAGACGCTATAGAAG-1,2.1558938,-1.0773659
TCAGCAAATGCATCTC-1,0.30068284,-2.493047
TCAGCAGTAGGCCCTG-1,-5.232213,-2.6410139
TCAGCCAATCCGTAAA-1,4.214331,1.851082
TCAGGGTGTAACGTAA-1,0.3073165,-1.2428981
TCAGGTTCTTTGAGAA-1,0.02477921,4.2777042
TCAGTACTGACCCGCG-1,0.30402833,0.683046
TCAGTAGGGACTATAA-1,-3.8031344,-0.4912974
TCAGTGTATACGTCAT-1,-5.920425,-4.0850825
TCATACTTACAGATCC-1,-3.4466305,1.458284
TCATATGAGCTTTGTT-1,0.1901545,-5.0942335
TCATCCTCAGCTGCTT-1,1.5477594,4.500002
TCATCGACGACCGTCG-1,3.6429772,-5.8360467
TCATCGATGGTCCCAA-1,-5.289616,-1.9004184
TCATTTAGAAGTGTGA-1,2.7806413,-4.7364345
TCCAACTTTAAATTCT-1,-4.8205395,0.38143432
TCCAAGCCTAGACACA-1,1.5248761,-4.1103115
TCCAATAAAGGCTACC-1,-0.20904897,-5.218298
TCCACAATGGTTTACG-1,0.8008232,1.5179754
TCCACATCGTATATTG-1,0.5042008,-5.6103435
TCCACCTCTAGCCTTT-1,3.0182533,-0.3971439
TCCAGAGCACCGGTTC-1,0.4367697,-3.0230913
TCCAGCGCTATAAGCG-1,3.0573237,-2.950068
TCCAGGCGAGTACGGT-1,0.6489185,4.4960566
TCCAGGGTATATACGA-1,1.3101333,-4.8062887
TCCCAAAGACGAAGGA-1,2.279982,2.4615986
TCCCAGCTTTAGTCTG-1,-1.4117337,-1.0311035
TCCCAGGCTTAGCTAA-1,1.2300484,0.994638
TCCCGCGTACTCCTGG-1,1.2095857,1.0815417
TCCCGGGTGTGCTGCT-1,0.4560187,-0.33242637
TCCCGTGTGCAATTTG-1,3.4422517,2.625503
TCCCTGGCTCGCTGGA-1,-4.004404,1.1372691
TCCGAACTTGGCTTAC-1,-4.9103923,-0.96083117
TCCGATGGTGCGACAT-1,1.0285276,4.373648
TCCGATTACATTGCCG-1,-3.269371,0.02812054
TCCGCCTGTCTACAAG-1,4.500238,-4.1533265
TCCGCGGCCCAATGAA-1,2.6106248,-4.7760816
TCCGCTGTCATCCCGG-1,3.6089375,-2.7753313
TCCGCTTATCCCATTA-1,2.4890435,-3.2261527
TCCGGGCTTGACGGGA-1,3.8930833,2.4301674
TCCGGTTCGTCCGGTC-1,0.34028795,-2.4358187
TCCGTTAAGCTAATAT-1,2.4036329,-5.132627
TCCTAAAGATTCAGAC-1,2.9447787,-4.856387
TCCTAAATTGGGAAGC-1,6.067387,-3.3689227
TCCTAACCGTCGGGCA-1,-5.340556,-2.0075302
TCCTACATCCACGGCC-1,2.085826,-0.2271232
TCCTAGCAAAGAAGCT-1,-5.0614076,0.28826624
TCCTCCTAAGACATTC-1,-6.0900702,-2.4220734
TCCTCGGGCTGGGCTT-1,0.4518524,-1.353026
TCCTCTACGAGATGGC-1,0.49361742,0.9157487
TCCTCTCCAGTTGTCC-1,-3.5387166,1.129639
TCCTGCGTTGATACTC-1,-5.3843455,-1.271127
TCCTTACGACGGTCCG-1,2.887813,-4.5819426
TCCTTGTCCTTTAATT-1,1.1634085,-5.757522
TCCTTTAAATCCGCTT-1,4.5949535,-4.1586285
TCGAAATTTAGGACCA-1,0.3615845,4.307785
TCGAATATCCCGCAGG-1,-6.2410116,-3.9458342
TCGAGACCAACACCGT-1,-2.6256301,-1.6344501
TCGAGCCAGGCAGGCC-1,-6.24439,-2.2945461
TCGCAAAGATGCATTT-1,1.9619812,4.332814
TCGCACCAGGAGGCAG-1,3.7766502,-2.3111765
TCGCCGAAGTTGCGTC-1,-8.16507,-1.124307
TCGCCGACATATTCGC-1,3.4604716,-4.334657
TCGCGTAGCAGTGTCC-1,4.7832103,-5.256244
TCGCGTCCAGAAGGTC-1,-3.26578,0.015939893
TCGCTACTGGCTTTGA-1,1.5322169,-4.3144827
TCGCTCGATATATTCC-1,0.43807808,4.577826
TCGCTGCCAATGCTGT-1,3.3880956,-5.915301
TCGCTGGGCGGATTGT-1,1.0030566,0.8365617
TCGCTGTGCGTAAATC-1,1.9147867,0.32737312
TCGGAATGCGCTCTGA-1,-3.5274734,0.531833
TCGGAGAGTATCGGGA-1,-6.5199814,-0.7397405
TCGGAGTACATGAGTA-1,0.47448033,-2.0259666
TCGGCGAACCCAAACC-1,3.205027,0.11700968
TCGGCTTGTATCGACG-1,4.7780414,-5.216351
TCGGGAGACAGCGTAC-1,4.6285367,-4.97941
TCGGGATTCAAACATA-1,-5.5176153,-4.259657
TCGGGCCGTCGTGGTA-1,2.2005298,2.2719412
TCGTACCGACGTCAAG-1,-3.8818154,-4.9602613
TCGTATTACCCATTGC-1,-3.4006495,-1.9064867
TCGTCAAGTACGCGCA-1,-6.0841775,-1.0920014
TCGTCACACTGTTAGC-1,-3.671326,-1.354948
TCGTCCGCTGGCGTCT-1,1.270399,0.78767395
TCGTCTTAGGCGTTAA-1,5.6827383,-3.043441
TCGTGTACTATGGATG-1,1.0022163,4.214073
TCGTGTATTGGTCACG-1,3.6137083,-5.829647
TCGTGTCACGCTGACA-1,-3.957156,-5.250443
TCGTGTTCGACCACAA-1,-2.316213,-2.9251633
TCGTTAGGAGTCCCTA-1,-2.374229,-1.8621324
TCGTTGCTATCCGGTC-1,-5.719966,0.56369406
TCTACCCAATAGAGAG-1,-2.4064465,-2.7723856
TCTACCGTCCACAAGC-1,1.9705893,2.1208134
TCTAGCAATCTCCGCC-1,-8.946315,-1.4132323
TCTAGCATCTTCGATG-1,2.6640084,2.909974
TCTAGCATGCCCAGAA-1,2.7337365,-1.3169518
TCTAGTTATCAGAAGA-1,-0.3580763,-0.9778062
TCTATCATGCAGTTAC-1,2.5852733,-0.78021914
TCTATGCTATAACGAC-1,3.8479419,-0.6715681
TCTATTACTAGAGGAT-1,-3.3923552,-5.257638
TCTCATGAGATAGGGT-1,2.6391635,-4.920674
TCTCCACAAGTTGAAT-1,3.7690854,-1.0003358
TCTCCCTGGGCAGCGT-1,5.9274383,-1.5651121
TCTCGAGGAGGTTCGC-1,4.1555867,-1.6487696
TCTCTAATAGCTGGTA-1,1.2295926,2.2367725
TCTCTCGCCGCACATA-1,1.8301704,-4.297396
TCTCTTACCGCGAACC-1,-3.0718033,-4.957434
TCTGAACCGGTCGGCT-1,0.8396042,0.031708505
TCTGAACTCGTACCCG-1,1.6504911,-4.0001903
TCTGAAGCACGTGGTC-1,5.5569468,-3.0192742
TCTGAGCAATTGACTG-1,3.6603944,-0.80258137
TCTGATGTATTCTGTC-1,5.6862273,-2.8181143
TCTGCATACCTTGCTT-1,-2.6104846,-1.9202034
TCTGCCAGAAACTGCA-1,2.2611542,2.174531
TCTGGGTAGCGCTCAT-1,-6.054485,-0.16551569
TCTGTTACCCAGCATA-1,-6.5796556,-3.8114784
TCTTACAGAGGTACCG-1,-0.47922847,-0.8901589
TCTTACGGCATCCGAC-1,-2.6282756,0.37265065
TCTTACTTATGCCTCT-1,-2.2823567,-1.98022
TCTTCGAATAGACGTT-1,1.6481221,-3.6025183
TCTTCGATACCAATAA-1,-1.5688657,-1.1378657
TCTTGATGCGTAGCGA-1,-1.8965406,-1.7751766
TCTTGCTCCCGATACT-1,0.69154435,-5.0145426
TCTTTAGAGTCTAACA-1,4.694329,-1.4813157
TGAATACCGACGCGTA-1,2.3734508,-4.558315
TGAATGAGTGTTTCCC-1,-2.9829428,-5.150545
TGACATGTAACGTGAC-1,-0.8212569,-5.595822
TGACCAAATCTTAAAC-1,-1.1304948,-5.4177723
TGACCCACGTTAGACA-1,0.8589567,-1.1229953
TGACGAATATTTCCCT-1,-5.6964107,-3.1491108
TGACTATAATCCTTTC-1,2.4256597,0.19660717
TGAGAATGCTTTACCG-1,2.3648927,2.0928915
TGAGCCATACAGTCTC-1,-6.042603,0.64741975
TGAGCGGAAAGTGTTC-1,3.1089482,-0.64402455
TGAGGAGTGCCAGCTT-1,3.4274712,-1.2067608
TGAGTAAATTAGCGTA-1,2.5206041,-1.6368654
TGAGTGCCTCTTAAAT-1,-7.784897,-1.3424922
TGATACATTTAGCCGT-1,-6.1492786,-0.4292071
TGATCAGGGAACTGCT-1,-3.6585517,-5.2773795
TGATCGGTTTGACCCT-1,1.6180161,1.7571759
TGATCTCCGGCGCCAG-1,1.221544,1.5762215
TGATGTCAATTAAGTG-1,4.6664815,-3.1516604
TGATTCCCGGTTACCT-1,-2.5995107,-4.949554
TGATTCGTCTATCACT-1,1.0653379,1.8368564
TGATTCTGTCGCCGGT-1,-7.8192315,-1.4076438
TGATTTATTAGCTGTG-1,1.8480991,-2.2565737
TGCAACCCATCTGCGG-1,5.0001416,-1.8291289
TGCAACTACTGGTTGA-1,2.964211,0.77490145
TGCAATCTAACACGGT-1,3.1054904,-0.037519205
TGCAGAACTATATCGT-1,-4.0360994,-4.787248
TGCAGAGTACCGAGCA-1,1.2735242,-1.9739096
TGCAGATCGTCCTAGG-1,-4.2003956,-4.9952464
TGCAGCTACGTACTTC-1,-4.2226696,-4.8070335
TGCCAAAGTCAGACTT-1,-4.886975,-4.4439807
TGCCAATGGGTACTCT-1,-3.1564364,-1.6937416
TGCCAGTACGTGGAGA-1,4.836711,-2.9940627
TGCCCGTACCGTTAAA-1,3.5849395,2.0841594
TGCCGGATGTACGAGC-1,-4.103284,-4.6166563
TGCCGTGGATCGTCCT-1,2.5551832,-4.052764
TGCCGTGGGACCCAAT-1,1.0764941,-5.647543
TGCCTAATTGAAGATT-1,3.6759846,-3.9872503
TGCCTTGGCCAGGCAA-1,6.159605,-2.0798163
TGCGACACCCTAGTGC-1,-5.052092,-0.3961997
TGCGACGGCCGAACGT-1,-5.9907184,-4.1836305
TGCGAGAATATTACCC-1,-7.413863,-0.4140622
TGCGCAAAGCATTTGG-1,-2.904281,-1.5669273
TGCGCGATTAACGGAG-1,0.69092035,2.7473695
TGCGGACTTGACTCCG-1,1.240789,-4.9598923
TGCGTAAGAACCTGAT-1,-4.5129595,0.5359834
TGCGTCATGACTGAGC-1,-6.267634,-0.58171594
TGCGTTTGTTGACACT-1,1.9278861,-0.9833364
TGCTAAGTGTCTATTT-1,3.3320296,-5.7007174
TGCTCCACAGTTCTTA-1,1.7533481,-3.3309886
TGCTCGGCGAAACCCA-1,2.4555688,-3.433709
TGCTCGGTGGGTCACC-1,1.61597,-5.540098
TGCTCTTGAGAGTTTG-1,0.9913848,-4.9447184
TGCTGGTTGGACAATT-1,0.96261376,0.22194277
TGCTGTTGAAGAACTC-1,0.37972116,-3.2036011
TGCTTCCCAAGCAGTA-1,1.6338868,-5.043264
TGGAAGAAGGGAACGT-1,-7.3860373,0.74311715
TGGAAGACGAACACCA-1,-0.66681516,-1.4573985
TGGACCAATCTAAGAT-1,-2.1743155,-2.9063807
TGGACTGTTCGCTCAA-1,-0.48658103,-2.802807
TGGAGTGATGCGATGA-1,-0.16645916,4.3864913
TGGCAAACTAAATTAC-1,3.5129356,2.4656246
TGGCAAGCACAAGTCG-1,-3.3280914,-4.9217377
TGGCAATGGGACGGCG-1,4.17174,-2.0641627
TGGCAGATTACGATCA-1,1.706764,-3.1856492
TGGCAGCAGTAATAGT-1,2.13888,-2.9480753
TGGCCGTATATTGACC-1,0.4902784,2.6885731
TGGCGACTGCTCCAAA-1,-6.2712097,0.26567754
TGGCGATCAAGTTATG-1,3.0623746,-0.83257556
TGGCTACACTCTACCT-1,4.193614,1.7866822
TGGCTATGTGACATAC-1,6.0909114,-3.1905262
TGGCTTTGGGTAGACA-1,1.307075,1.9493133
TGGGAAATGCCTTTCC-1,-2.4751427,0.6740967
TGGGCAGGCCACCGCA-1,1.7086669,-4.4122767
TGGGCCCATACTAATT-1,1.985108,-1.2038774
TGGGCGATACAATAAG-1,-0.5015735,-5.62776
TGGGTGCACAAGCCAT-1,2.4686985,-4.5701647
TGGTAGAATATATGGG-1,6.3406444,-1.8992349
TGGTCCCACGCTACGG-1,5.4399137,-2.6494362
TGGTCTGTTGGGCGTA-1,-5.0680356,-1.4104636
TGGTTCAACGGGTAAT-1,4.0540576,2.0483317
TGGTTCGTAGCAAAGG-1,0.6020759,4.4591584
TGTAATGACCACAATA-1,-5.5434794,-1.1193905
TGTACCTACACGAGGG-1,5.483647,-4.1517525
TGTACGAACAAATCCG-1,-0.718276,-2.277838
TGTAGCCAATTCCGTT-1,3.8353646,-5.909102
TGTAGTGATCTATAAT-1,-3.7260084,-0.2891517
TGTATGGCGCAGACAG-1,1.8698419,-3.6123748
TGTCCACGGCTCAACT-1,4.313789,2.2987647
TGTCCGTGGCGCCTTT-1,-4.024855,0.9881525
TGTCCTAAGTCACCGC-1,-4.1307335,-0.5440162
TGTGAGACTAGCCCAA-1,1.8965554,-5.0902495
TGTGCCGGTGCCGGAA-1,3.4083462,-4.0179477
TGTGCTTTACGTAAGA-1,-4.658458,-1.4300215
TGTGGCGGGCTTCTGG-1,-2.824058,-4.8915806
TGTGGTTGCTAAAGCT-1,-2.7395492,-5.050703
TGTGTAGTAGCACGTG-1,3.569035,-5.865849
TGTGTCGCGAGTTGCA-1,0.5395488,1.6254618
TGTGTTCGTATCCAAG-1,-1.9950632,0.27857372
TGTTATTGTATGTGGC-1,2.767083,1.2578849
TGTTCCGCTTCCATGA-1,0.783336,-2.1071787
TGTTCCGGCCTGAGCT-1,0.24705924,-5.6490574
TGTTCGTATTGCGGTG-1,-2.0787265,-2.2830307
TGTTCTTCCATTGACT-1,1.4964823,1.2220352
TGTTTCGGTACTTCTC-1,2.9519658,2.744639
TTAACACCTCGAACAT-1,-3.448566,1.3094347
TTAACCAACCCTCCCT-1,2.8792284,2.6519651
TTAACTTCAGGTAGGA-1,-8.352044,-1.4641231
TTAAGCGCCTGACCCA-1,0.65995896,2.7897985
TTAAGTATTGTTATCC-1,4.9200473,-3.1612601
TTAATGTAGACCAGGT-1,-1.0879706,-1.4126589
TTAATTGCTTTGGGTG-1,3.675728,-4.7455497
TTACAACTACGCATCC-1,0.48215482,4.1513057
TTACACGATCTGCGAC-1,4.3633256,2.2842057
TTACATCGTGGCCTGG-1,1.0189325,-0.623005
TTACCATTGATTACCC-1,-5.1099405,-0.6637326
TTACCCTAGGGATTGG-1,1.6735435,-5.264819
TTACTAAAGGACTTTA-1,2.3316512,2.975633
TTACTATCGGCTTCTC-1,-5.133301,-0.8379605
TTACTCCGGCCGGGAA-1,-1.0590339,-2.4232037
TTACTCTGGTACGTAC-1,-8.101144,1.3127975
TTACTGGGATATTTCA-1,0.827711,-3.3925614
TTAGAAGAACATGACT-1,3.0647612,-1.483956
TTAGAATAAGGGTCGG-1,-5.482739,-1.5513628
TTAGACGAGTCACCTC-1,3.1869028,1.9555424
TTAGAGTTTAGAAGGA-1,2.7864907,-2.9640574
TTAGCAACATGGATGT-1,-0.38452312,-0.8315505
TTAGGTCATAACCGAC-1,-5.273849,-3.8430662
TTAGTAAACCTGCTCT-1,4.322626,-2.185401
TTAGTAGGGCGGCGGG-1,-5.015815,-0.80084
TTAGTTATTCGTGGCA-1,2.5102572,-4.575399
TTATAGGTAATTGTCT-1,1.8626355,-4.445952
TTATATACGCTGTCAC-1,-1.4032974,-2.1050732
TTATATTTGGCAATCC-1,1.1896725,3.957561
TTATCCGGGATCTATA-1,2.480134,-4.8095565
TTATCCTCAAGGAATA-1,-4.1070623,-5.0753207
TTATGAATGAAAGGGA-1,2.8065095,-0.23201765
TTATGACAAACTGGAT-1,0.47819424,0.8738056
TTATGATCTTAACGAA-1,3.5414782,1.9989965
TTATGTTTGCGATAGA-1,-2.9908712,0.8742483
TTATTAGAGCGTGTTC-1,0.44952512,-2.1024947
TTATTAGGGAAGCATC-1,2.5278637,2.1565998
TTCAAAGTCTCTAGCC-1,-2.5015295,-2.202974
TTCAACGACCCGACCG-1,2.6101468,2.3675623
TTCAATACTCTGAATC-1,2.1188998,2.9272532
TTCACGAAAGGATCAC-1,-0.48383665,-1.1476249
TTCACTCGAGCACCTA-1,4.580865,-4.3295307
TTCACTTCCTAGAACG-1,-5.2509584,-4.283672
TTCAGCCCTGGTCCAC-1,-0.9885013,-2.415033
TTCAGCTGGCGTGCCC-1,-1.9731903,-3.1134236
TTCAGGCGTCAAAGCC-1,-5.2518926,-4.3354225
TTCCAATCTGGCTATC-1,-5.09926,-0.6067679
TTCCACACAGATTTGA-1,-6.1752467,-0.07100083
TTCCATCGACAGCGTG-1,4.257894,0.4771753
TTCCGCGTGAGGCGAT-1,2.4267285,-0.9304299
TTCCGGCCTTGAGGCT-1,-5.838806,0.5831078
TTCCGGTTACCCACTT-1,3.1433215,-2.6080282
TTCCTCGAGGGTGTCT-1,2.406092,2.9314063
TTCCTCGGACTAACCA-1,2.715847,-4.8147993
TTCCTCTGCCCGAATA-1,-5.239488,-0.9140362
TTCGACAGAGCCCGTG-1,4.470755,-3.3900259
TTCGCACTGTACGACA-1,0.253406,-5.007494
TTCGCGCGCCATACGA-1,-5.5605516,-1.3429234
TTCGGGACTAATCGCG-1,0.038956236,-2.8979216
TTCGGGCGCTAGTCTT-1,-6.2106657,-1.4725068
TTCGGTACTGTAGAGG-1,-0.1750768,-5.6607184
TTCGTACTCCAGAACG-1,-2.731556,0.46725547
TTCTACTTGCGAGGGC-1,0.78178936,0.24185114
TTCTAGAAAGTCTTAT-1,-5.5532026,-1.6104939
TTCTAGGCCAATTGTG-1,2.9378622,2.8337069
TTCTATTAAACGCAGC-1,-3.2416496,-4.867544
TTCTGACCGGGCTCAA-1,5.052308,-4.805518
TTCTGCCGCGCCTAGA-1,3.669147,-2.6128058
TTCTGCGAGCGCCCTT-1,-4.852539,-0.80471396
TTCTGCGGGTTAGCGG-1,0.35806555,4.5482826
TTCTTAGTGAACGGTG-1,0.7522439,-1.6214862
TTCTTAGTGGCTCAGA-1,3.1892827,2.5585673
TTCTTATCCGCTGGGT-1,6.1973104,-1.6590726
TTCTTGAGCCGCGCTA-1,-8.643191,-1.5265461
TTCTTGGACGATCTGC-1,-6.3590007,-4.0224543
TTCTTGTAACCTAATG-1,1.4855093,0.86739254
TTGAACGACGTGCTGA-1,5.8099723,-3.0845199
TTGAAGAATTCCCAGG-1,0.29924446,-1.4766462
TTGAATATGGACTTTC-1,-2.7997174,-2.1664648
TTGACAGGAGCTCCCG-1,6.3973923,-1.8128437
TTGACATGAACGTGGA-1,-8.039599,1.2648722
TTGACCAGGAACAACT-1,-1.9760672,-2.7629936
TTGACCGTGTTAATGA-1,-8.496458,-1.7083715
TTGACTACCATATGGT-1,-5.842362,0.4168473
TTGAGAAGTTTAGCAT-1,4.0803432,-4.54213
TTGAGAGTACTGCTAA-1,-6.006931,0.29100618
TTGATCTAACTTTGTC-1,1.7787594,2.4469743
TTGATTATGCAGATGA-1,0.5151696,1.0641687
TTGCAAGAAGACTCCT-1,3.4498334,-6.1359425
TTGCACAATTCAGAAA-1,2.0215552,0.3768586
TTGCATGCTGATCACG-1,-7.8155823,1.0609696
TTGCCATAGCCCGCTC-1,-5.7543178,-2.9708567
TTGCCCTGATCACGGG-1,1.8841361,0.110962845
TTGCCGCTTTCTAGTA-1,-2.4821286,-2.4622152
TTGCGGCATCAGAAAG-1,-6.089194,0.41176584
TTGCGTCGGCCAACCG-1,-8.009701,1.2353138
TTGCGTGTGTAGGCAT-1,3.2580163,-5.8349547
TTGCTGAAGGAACCAC-1,3.8785107,2.5835416
TTGCTGATCATGTTCG-1,0.60815406,3.208195
TTGGAAGAATACAGTC-1,-8.90696,-1.5511171
TTGGACATGTGGCTTA-1,-7.317191,0.42554379
TTGGACCATCTGGCAA-1,4.2309594,-1.8253535
TTGGACCTATAACAGT-1,4.206274,-4.5186934
TTGGATATCGTCTACG-1,2.0358098,-0.4920589
TTGGATTGGGTACCAC-1,2.9340184,2.3827147
TTGGCTCGCATGAGAC-1,0.57088053,0.4680848
TTGGGAAGACGAGCCG-1,-0.024319908,-5.75349
TTGGGACACTGCCCGC-1,1.8549559,1.7051524
TTGGGACGTAAGAGTT-1,4.8503385,-1.8475971
TTGGGCGGCGGTTGCC-1,0.12661614,-2.3835137
TTGGTCACACTCGTAA-1,-5.116258,-0.5683937
TTGGTTGCGGTGCGCG-1,-5.947982,-1.4698031
TTGTAAGGACCTAAGT-1,-8.881225,-1.5648742
TTGTAATCCGTACTCG-1,-1.1415612,-1.0240068
TTGTGAACCTAATCCG-1,4.62527,-4.3719473
TTGTGCAGCCACGTCA-1,4.1671247,-5.549363
TTGTGGCCCTGACAGT-1,3.856373,2.6223395
TTGTGGTAGGAGGGAT-1,-8.765496,-1.7370415
TTGTGGTGGTACTAAG-1,4.62679,-2.7122352
TTGTGTATGCCACCAA-1,3.07942,-1.7216891
TTGTGTTTCCCGAAAG-1,6.1210356,-2.162448
TTGTTAGCAAATTCGA-1,1.8870085,1.5131968
TTGTTCAGTGTGCTAC-1,2.0454874,2.5742943
TTGTTGTGTGTCAAGA-1,0.74985456,-0.8124522
TTGTTTCACATCCAGG-1,-5.966372,-2.7471209
TTGTTTCATTAGTCTA-1,-3.9939873,-4.67408
TTGTTTCCATACAACT-1,-7.197676,-0.38724062
