Barcode,Cluster
AAACAAGTATCTCCCA-1,3
AAACCTAAGCAGCCGG-1,2
AAACGAGACGGTTGAT-1,1
AAACGGGCGTACGGGT-1,2
AAACGGTTGCGAACTG-1,2
AAACTCGGTTCGCAAT-1,2
AAACTGCTGGCTCCAA-1,1
AAAGGCTACGGACCAT-1,2
AAAGGCTCTCGCGCCG-1,2
AAAGGGATGTAGCAAG-1,2
AAAGTGTGATTTATCT-1,1
AAAGTTGACTCCCGTA-1,1
AAATACCTATAAGCAT-1,1
AAATAGGGTGCTATTG-1,1
AAATCCGATACACGCC-1,1
AAATCGTGTACCACAA-1,1
AAATGGTCAATGTGCC-1,1
AAATTAACGGGTAGCT-1,1
AAATTACCTATCGATG-1,1
AACACACGCTCGCCGC-1,3
AACCCTACTGTCAATA-1,1
AACCGAGCTTGGTCAT-1,2
AACCGCTAAGGGATGC-1,3
AACCTCGCTTTAGCCC-1,1
AACCTTTAAATACGGT-1,1
AACGATAATGCCGTAG-1,1
AACGATATGTCAACTG-1,1
AACGCGACCTTGGGCG-1,2
AACGCGGTCTCCAGCC-1,2
AACGGACGTACGTATA-1,1
AACGTGCGAAAGTCTC-1,1
AACTAGGCTTGGGTGT-1,2
AACTCAAGTTAATTGC-1,3
AACTCTCAATAGAGCG-1,1
AACTGGGTCCCGACGT-1,2
AAGACCCAACTGAACA-1,3
AAGACTGCAAGCTACT-1,1
AAGAGCTCTTTATCGG-1,1
AAGAGGCATGGATCGC-1,1
AAGAGGCCCTTTGGAA-1,3
AAGATTGGCGGAACGT-1,1
AAGCACCCTGCGTATC-1,2
AAGCATACTCTCCTGA-1,2
AAGCGCAGGGCTTTGA-1,2
AAGCTAGATCGAGTAA-1,2
AAGCTCGTGCCAAGTC-1,1
AAGCTCTTTCATGGTG-1,1
AAGGAGCGGTTGGTGC-1,3
AAGGATGAGGGACCTC-1,1
AAGGCTGTGCTCATCG-1,2
AAGGGACAGATTCTGT-1,1
AAGGTATCCTAATATA-1,1
AAGGTGATAAACCAGC-1,1
AAGTCAATTGTCGTCA-1,1
AAGTGCCTTGACTGTA-1,2
AAGTGTTTGGAGACGG-1,1
AAGTTCACTCCAAGCT-1,1
AAGTTTATGGGCCCAA-1,2
AATAGAATCTGTTTCA-1,1
AATAGTCCGTCCCGAC-1,2
AATCGCCTCAGCGCCA-1,1
AATCGTGAGCCGAGCA-1,2
AATCTGCGTTGGGACG-1,1
AATGACGTAGGATGTC-1,1
AATGATGATACGCTAT-1,2
AATGCAACCGGGTACC-1,2
AATTAAAGGTCGGCGT-1,1
AATTAACGGATTTCCA-1,1
AATTAGCGCTGCAGCG-1,2
AATTCATAAGGGATCT-1,2
AATTCCAAGCATGTAC-1,2
AATTCGATTCGAGGAT-1,1
AATTCTAGAGTTAGGC-1,2
AATTGAACGCTCTGGT-1,1
AATTGCAGCAATCGAC-1,3
ACAAAGCATGACCTAG-1,3
ACAAATCGCACCGAAT-1,1
ACAAATGGTAGTGTTT-1,1
ACAACAGCATGAGCTA-1,1
ACAAGGAAATCCGCCC-1,1
ACAAGGATGCTTTAGG-1,1
ACAAGGGCAGGCTCTG-1,1
ACAATTGTGTCTCTTT-1,1
ACAATTTGAGCAGTGG-1,1
ACACAAAGACGGGTGG-1,2
ACACACCAGGACCAGT-1,1
ACACATTTCCGTAGAC-1,2
ACACCCAGCATGCAGC-1,2
ACACGAGACTCCTTCT-1,1
ACACGGGAACTTAGGG-1,1
ACAGGCTTGCCCGACT-1,2
ACATAATAAGGCGGTG-1,2
ACATCCCGGCCATACG-1,1
ACATCGATCGTTTACC-1,1
ACATCGTATGCAATGG-1,1
ACATTAGTTTATATCC-1,1
ACCAACCGCACTCCAC-1,3
ACCAATATGCAAGTTA-1,2
ACCACAAGTTTCTATC-1,1
ACCACGTGCAGCTATA-1,1
ACCAGTGCGGGAGACG-1,1
ACCATATCCGCAATAA-1,1
ACCATCGTATATGGTA-1,3
ACCCAACGCCCGTGGC-1,1
ACCCGGAAACTCCCAG-1,2
ACCCGGATGACGCATC-1,2
ACCCGGTTACACTTCC-1,1
ACCCGTGTCATCAGTA-1,1
ACCCTCCCTTGCTATT-1,1
ACCGACACATCTCCCA-1,2
ACCGACTGAGTCCCAC-1,2
ACCGATGGTAGCATCG-1,1
ACCGCAATAACTGCCT-1,1
ACCGGGCCTTTGTTGA-1,1
ACCTACTATAAATCTA-1,1
ACGATACATAGAACTA-1,1
ACGATCATACATAGAG-1,2
ACGATGCATATGTTAT-1,3
ACGCAATCACTACAGC-1,3
ACGCATTCGTGAGTAC-1,2
ACGCCGCTAGACGACC-1,1
ACGCGAAGTCAGACGA-1,2
ACGCGGGCCAAGGACA-1,1
ACGGACTCTCAAAGCG-1,2
ACGGATGGTGCGGATA-1,2
ACGGCACTTGCTTGGG-1,2
ACGGCCAACATGGACT-1,2
ACGGCGACGATGGGAA-1,1
ACGGGCGTATGCGACA-1,2
ACGTAGATTGCTGATG-1,2
ACGTAGGAGAGTCGCT-1,1
ACGTATTACTCCGATC-1,1
ACGTTAATGTCGAAGA-1,1
ACGTTCTGTACAAGTC-1,3
ACTACGCGTTAGAATT-1,2
ACTAGTTGCGATCGTC-1,3
ACTCAAGTGCAAGGCT-1,1
ACTCAATAAAGGCACG-1,2
ACTCCCTAATGCTAAA-1,2
ACTCCCTAGAATAGTA-1,1
ACTCGTCAGTAATCCC-1,1
ACTCTCTGACTTAGGT-1,1
ACTCTTGTATAGTAAC-1,1
ACTGAATGGCGAAAGT-1,1
ACTGTACGATACACAT-1,1
ACTGTCCAGGATTATA-1,1
ACTGTCTTCTTTAGAA-1,1
ACTTACGCATCCACGC-1,2
ACTTATACTTACCCGG-1,1
ACTTATTAGGATCGGT-1,1
ACTTATTTATGTGCCA-1,1
ACTTCAGGCTGATCCC-1,1
ACTTCCATGCGGGACA-1,1
ACTTCGCCATACGCAC-1,1
ACTTGACTCCCTCTTT-1,1
ACTTGGGACCCGGTGG-1,3
ACTTTCCTATAGCTTC-1,2
AGAACGTGGTACATTC-1,2
AGAAGAGCGCCGTTCC-1,2
AGAAGGTTGCCGAATT-1,3
AGAAGGTTGTAGGTCG-1,2
AGAATTATGGATTCGA-1,2
AGACCCACCGCTGATC-1,2
AGACCCGCCCTCCTCG-1,1
AGACGAAGTGCCGGTC-1,1
AGACTAGCCTTCCAGA-1,2
AGAGAACCGTCTAGGA-1,1
AGAGGCTTCGGAAACC-1,3
AGAGTAAACTTCACTA-1,1
AGATAACTTCAGGGCC-1,3
AGATACTCAAGATCGA-1,1
AGATATAATACGACTA-1,1
AGATCTCAGGTGTGAT-1,1
AGATTATAGGACGTTT-1,1
AGCAAAGGCCGCTAGT-1,2
AGCAACATATCTTATT-1,1
AGCACCAGTACTCACG-1,2
AGCACTACCTCACCAG-1,1
AGCAGAAGGAGAAAGA-1,1
AGCAGCCAGATGAATA-1,2
AGCATATCAATATGCT-1,1
AGCCAAGCTTTGTGTC-1,2
AGCCACAGGTTACCCG-1,2
AGCCACTCCCGTGCTT-1,2
AGCCATATAGTATGTG-1,2
AGCCCGCAACAAGCAG-1,2
AGCGACCAACGATATT-1,2
AGCGCATAATGAATCG-1,3
AGCGCGGGTGCCAATG-1,3
AGCGGACACTTCGTAG-1,2
AGCGGGTCTGACACTC-1,2
AGCGTGGTATTCTACT-1,1
AGCTCCTTCGCACATC-1,1
AGCTCTAGACGTTCCA-1,1
AGCTCTTTACTCAGTT-1,3
AGGAAGCTGTCCGCCG-1,2
AGGACAGTCGAATCCC-1,1
AGGACGACCCATTAGA-1,2
AGGATATAGGGATTTA-1,1
AGGCAGATGCGTAAAC-1,1
AGGCATTGTCGTAGGG-1,1
AGGCCTATCATACCAA-1,2
AGGCCTGAGAATCTCG-1,2
AGGCGATAACTGGCGT-1,3
AGGGACTCTACGCGAC-1,2
AGGGCTGCAGTTACAG-1,2
AGGGTCGATGCGAACT-1,1
AGGGTGCTCTCGAGGG-1,2
AGGGTTCCCTTTGGTT-1,1
AGGGTTTAGTTCGGGA-1,2
AGGTGGTGACCTTCGC-1,2
AGGTTGAGGCACGCTT-1,2
AGGTTTCACACACCTT-1,1
AGTACATCATTTATCA-1,3
AGTACGGGCACCTGGC-1,1
AGTACTCTTATGCCCA-1,2
AGTAGAAGGCGCCTCA-1,2
AGTCAACACCACCATC-1,1
AGTCAAGATGACACTT-1,1
AGTCCATTGGCTGATG-1,1
AGTCGACGGTCTCAAG-1,1
AGTCGTATAAAGCAGA-1,1
AGTCTTCTCCTCAAAT-1,2
AGTCTTTAAAGTGTCC-1,2
AGTGAACAAACTTCTC-1,2
AGTGACCTACTTTACG-1,1
AGTGAGACTTCCAGTA-1,1
AGTGATAACCTGCGCG-1,2
AGTGATATGAGTAGTT-1,1
AGTGATTCAAGCAGGA-1,1
AGTGCTTGCACGAATA-1,1
AGTGGCGTCTGAAGGT-1,2
AGTTAAACACTTGCGA-1,3
AGTTCCTACAGAATTA-1,1
AGTTCCTATTTATGTT-1,1
AGTTGACGGTCCTTGC-1,2
AGTTTGCACCTGCCTC-1,2
AGTTTGGCACGGGTTG-1,3
ATAAACGGACCCGTAA-1,1
ATAAAGGCTCGGTCGT-1,2
ATAACGCCGGAGGGTC-1,1
ATAACGGAGTCCAACG-1,1
ATAAGGTGGAGAACAT-1,1
ATAAGTTACCGCGACG-1,2
ATAATAGCTGTTGAAT-1,1
ATAATCTTGGAGAACC-1,2
ATAATTAGCTAAGTAG-1,2
ATACAGGCCCTCCAAT-1,2
ATACCTAACCAAGAAA-1,1
ATACGCCGGCGAAACC-1,1
ATACGGGTTTCGATTG-1,1
ATACGTACTTAGCCAC-1,1
ATACGTCCACTCCTGT-1,1
ATACGTTATGCACGGA-1,2
ATACTAGCATGACCCT-1,2
ATACTGCCTTACACCG-1,2
ATAGACAACGGGACCT-1,1
ATAGACGAAGAGAAAG-1,1
ATAGAGTACTGGGACA-1,3
ATAGAGTTATCAACTT-1,1
ATAGGGATATCCTTGA-1,2
ATAGGTTGGGCAGATG-1,2
ATAGTGAAGCGTTCTC-1,1
ATAGTTCCACCCACTC-1,2
ATATAAAGCGCTCGTG-1,2
ATATAAATGTAGCTGC-1,1
ATATAACACGGGCGCA-1,3
ATATACGCTCGTGACG-1,3
ATATCTTAGGGCCTTC-1,1
ATATGGGATAGCAACT-1,1
ATATGTCTCCCTAGCC-1,2
ATATTCCACATAGTGA-1,1
ATATTTAACCCTCAAG-1,1
ATCAAGATCCCAGGAC-1,2
ATCAATCTGGGCTGCA-1,2
ATCACATTAGAATATC-1,2
ATCACTTCATCCTCGC-1,2
ATCAGACGGCACGCCG-1,3
ATCAGCCTCATGCTGC-1,2
ATCAGTAGGCAGGGAT-1,2
ATCATAGCCCTATGTA-1,3
ATCATCCAATATTTGT-1,1
ATCCACATCGACAGAA-1,2
ATCCAGAGCAACAACC-1,3
ATCCAGGATTCGTGAA-1,1
ATCCCATTTCCGTGGG-1,2
ATCCTACCTAAGCTCT-1,1
ATCCTGCGTGGAATGG-1,2
ATCGACCCAATACAGA-1,1
ATCGACTCTTTCCGTT-1,2
ATCGCACGCCGGGAGA-1,2
ATCGCCAGTCAACATT-1,2
ATCGCTGCGTGCAGCA-1,3
ATCGGAGACAGACGGC-1,1
ATCTAATATCCTACGG-1,1
ATCTAGCTTGTGAGGG-1,2
ATCTCCCACGGAATAT-1,3
ATCTGCTGTTATCGCC-1,2
ATCTGGGCTGTTCTTG-1,2
ATCTGGTTAAGACTGT-1,1
ATCTTATCGCACACCC-1,3
ATCTTGACTTGTCCAA-1,3
ATGACTATGCGACATT-1,1
ATGATGCAATGGTACA-1,1
ATGCATGATCCAGGAT-1,2
ATGCCATTTGCGACCA-1,1
ATGCCGGTCTTGCATA-1,1
ATGCGACAGTCCCATT-1,1
ATGCGAGTCCCACCAC-1,3
ATGCTCTGGCGCGGTA-1,2
ATGGAGCAGGCCGTGA-1,2
ATGGATTGACCAAACG-1,2
ATGGGCCTCGGCCTCT-1,1
ATGGTCGCGTGGTTTC-1,1
ATGTACATGCGGTGAG-1,3
ATGTACGATGACGTCG-1,2
ATGTAGCGCGCGTAGG-1,2
ATGTGCATCCGACGCA-1,2
ATGTGGACATCTTGAT-1,1
ATTAAACATGCGGACC-1,1
ATTAATACTACGCGGG-1,2
ATTAATGAACCAGTCG-1,1
ATTAGGCGATGCTTTC-1,1
ATTATCGGAATGTACG-1,2
ATTCACTGATGTTGGA-1,1
ATTCATATACTGTCCA-1,1
ATTCATCGTTGAGGCA-1,2
ATTGAAGATCTTAGTG-1,2
ATTGATGAGTCCTAAC-1,1
ATTGCCTTTATGTTTG-1,1
ATTGCGATCAGTAACT-1,1
ATTGCTGCTCCTCCAT-1,1
ATTGTCTGTTTCATGT-1,1
ATTTGTCTTGGGAGCT-1,1
CAAACCCTCCGGCGGG-1,2
CAAACGAGTATCGCAG-1,3
CAAACGGTCGCACTTT-1,3
CAAATGTCCTTCCGTG-1,1
CAACTGCTCATCCGAT-1,2
CAAGAGGGCGGAGTAC-1,1
CAAGATATTATAACGT-1,1
CAAGCAACGTCGGAGT-1,3
CAAGCGGCACATAATT-1,1
CAAGGATCGCATGTTC-1,2
CAAGGCCAGTGGTGCA-1,3
CAAGTAAGTGATAGAC-1,2
CAAGTGTGGTTGCAAA-1,1
CAATAAACCTTGGCCC-1,3
CAATGACCCTTAATTT-1,1
CAATGCGAGAAGTATC-1,1
CAATGGATCTCTACCA-1,1
CAATTAAGGGTGATGA-1,2
CAATTTCGTATAAGGG-1,1
CACAATGAGCTGCTAT-1,1
CACACGCGCTGTCTTA-1,1
CACAGCACCCACGGCA-1,2
CACAGCTAGGGAGTGA-1,2
CACAGGGCCGTTGTCA-1,2
CACATATTAGCAGGAT-1,1
CACATCTCACCGACGA-1,2
CACATGATTCAGCAAC-1,1
CACCCTAACAAGATCT-1,1
CACCGCCAGAAGGTTT-1,2
CACCTAATCAGTTTAC-1,2
CACCTTGCGAAACTCG-1,1
CACCTTGGCGCCTTTG-1,2
CACGCACAGCGCAGCT-1,2
CACGCAGCGAGGCTTT-1,3
CACGCGGAACTGTTGC-1,1
CACGTTCGTGCTCTAG-1,1
CACTAAAGTTGCCTAT-1,1
CACTACGGGAGCTGCC-1,3
CACTCAAGAGCTATGG-1,2
CACTCGAGCTGAACAA-1,1
CACTTAATCAGACGGA-1,2
CAGAACTTAGCCCTCT-1,1
CAGACCTGTAAGTGTT-1,2
CAGACGAACCTGATAC-1,3
CAGAGACGGTCACCCA-1,2
CAGAGCATGAGCTTGC-1,1
CAGCAGCCCGTTCCTT-1,1
CAGCAGTCCAGACTAT-1,3
CAGCAGTCTGTGCTGC-1,2
CAGCCTCCTGCAGAGG-1,2
CAGCTCACTGAGACAT-1,2
CAGCTCGACAAGTTAA-1,1
CAGGATATATCGTTGT-1,1
CAGGCAGTCTTACCAG-1,2
CAGGCCGTTTGGGTGT-1,3
CAGGCGCCATGCTAGG-1,1
CAGTAGCCCACGCGGT-1,1
CAGTCTGTATACTGGG-1,1
CAGTGAATAAATGACT-1,1
CAGTGTCGGCTGGCCC-1,2
CAGTTCAAATTGACAC-1,3
CATAACGGACAGTCGT-1,1
CATAAGAAGCTTGGCT-1,2
CATACACGGTTCCCAC-1,2
CATACGGCGTCTGGGC-1,1
CATACTATGTAATTGT-1,1
CATACTTCTTTCTCCG-1,2
CATAGTCAAATACATA-1,2
CATATAGGTACAGTCA-1,1
CATCATTACCCTGAGG-1,3
CATCGGACGGGTTAAT-1,1
CATCTTACACCACCTC-1,3
CATGAGATGCACTCTC-1,2
CATGATGCACAATTCT-1,2
CATGATGGAAGTTAGC-1,2
CATGGGTATGCCTTAT-1,2
CATGGGTCGGGTGTGG-1,2
CATGGTAAGTAGCGTT-1,1
CATGGTCTAGATACCG-1,2
CATGTAAGAGACATTT-1,2
CATGTCTCATTTATGG-1,1
CATTACGTCGGCCCGT-1,2
CATTATGCTTGTTGTG-1,3
CATTCGTCGTAGCGGT-1,2
CATTTAGCGGACCATG-1,1
CCAAGAAAGTGGGCGA-1,2
CCAAGACTTCTGCGAA-1,2
CCAAGCGTAACTCGTA-1,1
CCAATAGTGCCGTCGA-1,3
CCAATGTCACAGCAAG-1,1
CCACAATGTACGTCTT-1,1
CCACACTGAGATATTA-1,1
CCACAGTACCCATCCT-1,1
CCACCCAAGGAAAGTG-1,1
CCAGATAGTTGAGTGA-1,1
CCAGCCTGGACCAATA-1,1
CCAGCTCGAACGCATT-1,2
CCAGGGACGTGGCCTC-1,3
CCAGTAGTCTGATCCA-1,2
CCAGTCTAGACGGCGC-1,1
CCAGTCTTGTCATAGA-1,2
CCATCGCAGTTAAACT-1,1
CCATCTCACCAGTGAA-1,1
CCATGCCTGTTTAGTA-1,1
CCATTAGCGATAATCC-1,3
CCATTCCCTGCCCACA-1,3
CCATTTCTACCTATTA-1,1
CCCAAACATGCTGCTC-1,1
CCCAGTTAAGGCGCCG-1,1
CCCGACCATAGTCCGC-1,2
CCCGCAGCGCGAACTA-1,2
CCCGGGTCGTTCAGGG-1,2
CCCGTCAGCGTCTGAC-1,2
CCCTGAAATGAGTTGA-1,3
CCCTTTAATGGAGTTC-1,2
CCCTTTGACAGGTCTT-1,2
CCGAACCTTCCCGGCC-1,1
CCGATCTCAACCTTAT-1,2
CCGCACAAAGACCAAC-1,1
CCGCATGTGGTACGAT-1,2
CCGCTATCAGCACCAG-1,1
CCGCTCCAGGGCGATC-1,2
CCGCTCTTCCGAACTA-1,3
CCGGAGCGTACTTTCT-1,2
CCGGGCGGTCTCGTCA-1,1
CCGGGCTGCTCCATAC-1,1
CCGTAAGTTGGTCCCA-1,1
CCGTAGGAAATCCCTG-1,3
CCGTGGAACGATCCAA-1,3
CCTAAATTAACGGTTC-1,1
CCTAACCCAAACAAGT-1,1
CCTACTGCTTACACTT-1,3
CCTAGGCGTAGCGATC-1,1
CCTATAATGAGTGCCC-1,2
CCTATGGGTTACCGTC-1,2
CCTATGGTCAAAGCTG-1,2
CCTCACCTTAGCATCG-1,2
CCTCCGACAATTCAAG-1,3
CCTCGCGCTGTGCGAT-1,2
CCTCGGACCGGGATAG-1,1
CCTCTAATCTGCCAAG-1,2
CCTCTCTCCCATCTAG-1,3
CCTCTGTACTATTCTA-1,1
CCTGAACGATATATTC-1,1
CCTGAATATTTACATA-1,2
CCTGACCACCGATGGT-1,1
CCTGCTATTTGAGAAG-1,3
CCTGGCTAGACCCGCC-1,3
CCTGGTCGAATGTGGG-1,2
CCTGTAAGACATGATA-1,3
CCTGTCACCCGGGCTC-1,2
CCTGTCGCCCGTAAAT-1,1
CCTGTTCAACCTCGGG-1,2
CCTTCGTATAGAATCC-1,2
CCTTTCAATGAAGAAA-1,2
CGAACAGTATGGGCGT-1,1
CGAACCCGCATGCGTC-1,2
CGAATGACGCATAATG-1,1
CGACAATTTGATCTAA-1,1
CGACACGCTCCGACAG-1,1
CGACAGTTCGCGTTAT-1,3
CGACTCAGGATGTTAT-1,2
CGAGACCCTAGAGTGT-1,1
CGAGAGATGTGAACCT-1,2
CGAGAGCTTTCACTAC-1,1
CGAGGCTAAATATGGC-1,2
CGAGGGACTGCGGTCG-1,1
CGAGGGTATCCAGGTG-1,2
CGAGTTCTGTCCCACC-1,1
CGAGTTTATCGGACTG-1,1
CGATACCTCGCGGACA-1,1
CGATAGTCGTACTGCA-1,2
CGATCCACCATTGTTG-1,2
CGATCCGACCCAGTGC-1,1
CGATTAAATATCTCCT-1,1
CGATTCGCCTGGCTGC-1,2
CGCAATTAGGGTAATA-1,3
CGCACATGTCCACTAC-1,1
CGCACGTGCGCTATCA-1,2
CGCATGGTGCGATGCT-1,2
CGCATTAGCTAATAGG-1,3
CGCCATCCGATTATGA-1,1
CGCCCAGCGTTTCACG-1,2
CGCCGCCCATGCCTGT-1,1
CGCCTCCCTCCTCTAT-1,1
CGCGAAGTGGCATACT-1,3
CGCGACCGCGACAGAT-1,2
CGCGCATGTTTGATTG-1,3
CGCGCCCGACTTAATA-1,2
CGCGGCTCAACTTGAA-1,1
CGCGGGAATTAGGCAG-1,1
CGCGTTCATGAAATAC-1,3
CGCTACGGGACATTTA-1,1
CGCTATTCTTAGGCTC-1,1
CGCTCTCCGTAGATTA-1,3
CGCTGGTGACTACCCT-1,1
CGCTGTGACGCCGCAC-1,2
CGCTTAGTATTGATAC-1,2
CGCTTTCTTGCATTCG-1,1
CGGACCTTTACGTCCC-1,2
CGGAGCAATTTAATCG-1,3
CGGAGCATGGCGATCC-1,1
CGGATCCTCAAGGACT-1,1
CGGCAAACATCGTGCG-1,2
CGGCAGGGTCGGGTTG-1,2
CGGCCACGCACAAAGT-1,1
CGGCCCAACCTGTAGT-1,3
CGGGAATATAGTATAC-1,1
CGGGAATTTATGTAAA-1,1
CGGGAGCTTCAGTGTA-1,1
CGGGATCAATGTAAGA-1,2
CGGGCAGCTAAACCGC-1,2
CGGGCCTTCTTTGTAA-1,1
CGGGCGATGGATCACG-1,2
CGGGTGTACCCATTTA-1,1
CGGTACTAGAATCAAA-1,1
CGGTAGAGGTGCAGGT-1,2
CGGTCAAGTGGGAACC-1,1
CGGTTATCCAACAGTG-1,2
CGTACCTGATAGGCCT-1,2
CGTATTAAGAGATCTA-1,1
CGTCACGTCCATTGGT-1,2
CGTCGCATGTGAGCCA-1,2
CGTCGGATAGTGTTGA-1,2
CGTCGTCCTTCGCGAA-1,2
CGTGAAGTTAATTCAC-1,2
CGTGACCAGTCCTCTG-1,2
CGTGCAGACTGGGACA-1,2
CGTGCCCTCCCGAAGA-1,1
CGTGGCCGAATATCTA-1,3
CGTTAATGTCCCGACG-1,2
CGTTCAGACCCGCGAA-1,2
CGTTGAATACCGCGCT-1,2
CGTTGAGCGACCGTCG-1,1
CGTTGTCGGCAATTGA-1,2
CGTTGTTTCAATTCCC-1,3
CGTTTCGCTCATTACA-1,2
CGTTTGGTGTTGTGGG-1,3
CTAAAGGGAAATAGGA-1,1
CTAAATCCTATTCCGG-1,1
CTAACGAAACTTGCTG-1,1
CTAAGGGAATGATTGG-1,1
CTACCCTAAGGTCATA-1,1
CTACGCACGGAGTACC-1,1
CTACTATCTTTCAGAG-1,1
CTACTGCCACCTGACC-1,2
CTAGATTTACGACGGC-1,1
CTAGCATAGTATAATG-1,1
CTAGGCGCCCTATCAG-1,1
CTAGGTTCGGACGTGA-1,2
CTAGTAGAAAGGGATT-1,1
CTAGTCACGTCTTAAG-1,1
CTAGTGAAGGACAGGA-1,3
CTAGTTACAACCCGGT-1,1
CTAGTTGGGCCCGGTA-1,2
CTATCGACGAAATACA-1,3
CTATCGCGTAGAGAAC-1,3
CTATCGGGTCTCAACA-1,1
CTATGCCCGAATGCAA-1,2
CTATGTCACTAGCCCA-1,2
CTATTCATGTGTCCCA-1,2
CTATTTGCTTGGAGGA-1,2
CTATTTGGTTACGGAT-1,1
CTCAACTAACCCGGAT-1,1
CTCACATTTACTAAAT-1,1
CTCACTGTGATACTTA-1,1
CTCATTGCTCTAACAA-1,1
CTCATTTGATGGGCGG-1,2
CTCCTTTACGCAAGTC-1,3
CTCGAGGTCGAACAGT-1,2
CTCGCACCTATATAGT-1,2
CTCGCCGAATGTAGGG-1,2
CTCGGTACCACTGCTC-1,1
CTCTAATGCATTGATC-1,3
CTCTACATCCTGCGTG-1,2
CTCTAGCCCTCGGAAA-1,2
CTCTATTTGGCTGCAG-1,1
CTCTCACAATCGATGA-1,1
CTCTGGACGCCTGGTG-1,2
CTCTTCTATTGACTGG-1,2
CTCTTGTCCCGCTTGG-1,1
CTGAATCCGAGACCTC-1,2
CTGCACAACTACATAT-1,1
CTGCACTCCAGTACAG-1,2
CTGCCAAGGTTGGAAG-1,2
CTGCCATGCATCACAT-1,1
CTGCGATTTCGAGATT-1,2
CTGCTTGGCGATAGCT-1,2
CTGGAAATGGATGCTT-1,3
CTGGAAGACACGGTGG-1,1
CTGGATTTACACTTGA-1,1
CTGGCGCACAGGTCTG-1,1
CTGGCTGATTCATCCT-1,1
CTGGCTGGTTGTCAGT-1,2
CTGGGATAAATAATGG-1,1
CTGGGTAGGCAGTTAA-1,1
CTGGTAACACATAGAA-1,1
CTGGTAACGAGCTCTT-1,2
CTGGTTTCGAGCAAGA-1,1
CTGTACTTCTTAGCAT-1,1
CTGTCAAATGGCTCGG-1,1
CTGTGCAGGGTAGGTC-1,2
CTGTGGTCGGGAGATA-1,1
CTGTTACCCAATCTAG-1,2
CTGTTCACTGCCTGTG-1,2
CTTACACGGTATTCCA-1,2
CTTAGCCTTCCACATG-1,1
CTTAGTGTAGTAGCAT-1,1
CTTCAACTCCACTTGG-1,2
CTTCATTGTCAGTGGA-1,1
CTTCGTAGATAGGTGA-1,3
CTTGAGTTAGGGTAAT-1,1
CTTGCCCAGGCTCTAC-1,1
CTTGGCCAAGCTGGGA-1,2
CTTGTCAACATTCGAG-1,2
CTTGTTGCTGAGTCAA-1,1
CTTTAACTTTCAAAGG-1,2
CTTTAATATTGGTCGA-1,1
CTTTACCGAATAGTAG-1,1
CTTTAGGAACACTGTT-1,1
CTTTAGTGCTATTATT-1,1
CTTTCTGTGCGGGCTT-1,2
CTTTGGCTTTAGTAAA-1,3
GAAACAGATGACCACC-1,1
GAAACCGAATTACCTT-1,1
GAAACCTATACAAATG-1,3
GAAAGCAGTGCACTTT-1,2
GAAATGGCGGTGTTAG-1,1
GAAATTGTCTCTATAA-1,1
GAACAACTGGGATGAA-1,2
GAACAGATTACTAAAT-1,1
GAACCCTCTGTGTTCT-1,2
GAACCTTTAACGATCC-1,1
GAACGACCGAATGATA-1,2
GAACGTCTCATGGTCG-1,1
GAACTGTGGAGAGACA-1,2
GAAGCCACTGATTATG-1,2
GAAGCCTGCACATTCC-1,2
GAAGCGTGAGGAATTT-1,1
GAAGGAGTCGAGTGCG-1,2
GAAGTCAGTTGCACTA-1,2
GAAGTCTCCCTAGCGA-1,1
GAAGTGATTTATCGTG-1,1
GAAGTTTCCACTCAAT-1,3
GAATAGACGCGACCCA-1,1
GAATCTGAACATTCTC-1,1
GAATGCGAATCGGTTC-1,1
GAATGTGGTCCGGATT-1,1
GAATGTTGGGTAATCT-1,2
GAATTATAGTGAAAGG-1,1
GAATTCACCCGGGTGT-1,2
GACAAACATATGCAGG-1,1
GACAACGACCATTGAA-1,1
GACACAAGGGAAGAAA-1,1
GACACTGAGTTCAGTG-1,2
GACAGCCAGACCTGAC-1,1
GACATCCGTCGAACTG-1,1
GACCAGAGCCCTGTAG-1,2
GACCGTGCTGACGGTG-1,2
GACCTTCCACGTCTAC-1,2
GACGACGATCCGCGTT-1,2
GACGCCGTAAAGGCTA-1,2
GACGGGTTGGCCCGTA-1,2
GACGGTCAATAGAAGC-1,2
GACTAAGATCATGCAC-1,2
GACTAGGCCGTTAGGT-1,2
GACTCCCAGAATAAGG-1,1
GACTCGCGGGAATGAC-1,2
GACTGCAAATCGAGCT-1,2
GACTGCACCAGCCCAG-1,1
GAGACTGATGGGTAGA-1,1
GAGACTTCGCGACCGA-1,2
GAGAGGGCGCGAGGTT-1,3
GAGATCTGCTTGGCAT-1,1
GAGATCTGTCACTCCG-1,1
GAGATCTTCCATGACA-1,1
GAGATGACAATCCTTA-1,3
GAGATGGGAGTCGACA-1,2
GAGCACCTGTGTCCAG-1,2
GAGCCAGCTACCTGTG-1,1
GAGCGCGCACGAGTAG-1,1
GAGCTAAGGGCATATC-1,1
GAGCTCAACATGAGCG-1,2
GAGGCCTGTTGATACA-1,3
GAGGGCGCAGCTCTGC-1,1
GAGGTACGCGTGTCCC-1,2
GAGTAGATACTAGTTG-1,2
GAGTATGCGCGTGCAT-1,2
GAGTCCGCTTACCGGA-1,1
GAGTGTCAACCAGAAA-1,2
GAGTGTGCGGTACCCA-1,1
GATAACTCGCACTGTG-1,1
GATACGATGGGAGTCA-1,2
GATAGAACCCGCTAGG-1,2
GATAGGTAACGTTGAC-1,2
GATATGAGACACTAAC-1,1
GATCATTCCAAACATT-1,1
GATCCCTTTATACTGC-1,2
GATCCGGGAATTAACA-1,1
GATCCTAAATCGGGAC-1,2
GATCGACACTATCTGA-1,3
GATCGCGGGCTCTCCA-1,1
GATCGCTACCCGATTT-1,1
GATCGGTGGCCATAAC-1,2
GATCGTGACTGATATC-1,1
GATCTGCTATCTAAGG-1,2
GATCTTGGAGGGCATA-1,1
GATCTTTGCAGGGTAT-1,3
GATGAGGAACCTTCGG-1,2
GATGCGTCCTGCATTC-1,1
GATGCTACCTTCGATG-1,2
GATGCTGTATTTCATC-1,1
GATGTTCAATCCACGA-1,1
GATTCCCTTGTCGCAG-1,2
GATTCGACGGTTCACG-1,2
GATTGGGAAAGGTTGT-1,1
GCAAACCCTACATTAT-1,1
GCAAACCTTGGCCATA-1,2
GCAAATATTACGCTTT-1,1
GCAACAGCAGTATGCG-1,2
GCACACAGCTATTACC-1,2
GCACGTGGTTTACTTA-1,3
GCACTGCCTACCTTTA-1,2
GCAGATCCATAAGACT-1,1
GCAGATTAGGGATATC-1,1
GCAGCACACAGCCCAG-1,3
GCAGTGTGGCTATAGG-1,2
GCATAGAGCACTCAGG-1,1
GCATCGGCCGTGTAGG-1,2
GCATGAGGGACGCGGC-1,1
GCCATATTGCACACAG-1,2
GCCCGATCTGTGGTCG-1,2
GCCCGTAATACCTTCT-1,1
GCCCTGAGGATGGGCT-1,2
GCCGAAATTCCTACGT-1,3
GCCGATTGGCCAAGCT-1,2
GCCGCTTGTGAGAAAC-1,3
GCCGGGTTAGGGTCGC-1,1
GCCGGTCGTATCTCTC-1,2
GCCTACGTTCTGTGCA-1,2
GCCTATAGTGTCAGGG-1,1
GCCTCATCTGGAAATA-1,1
GCCTCTATACATAGCA-1,1
GCCTGTCCCGGTGCAT-1,2
GCGAAACTTAACTGGA-1,1
GCGAAGAATCTGACGG-1,2
GCGAAGCCATACCCGT-1,2
GCGACGATAGTTGTAC-1,2
GCGAGGCCCGAGCAGA-1,1
GCGAGTTCTGCAAAGA-1,1
GCGATTGTTAACGTTA-1,1
GCGCATCCAGTCAGCA-1,1
GCGCCGTTCCACGATA-1,2
GCGCGGTCTAGTAACT-1,2
GCGCGTCATTGGTACA-1,2
GCGCTAATTGAATAGA-1,1
GCGCTATGCCGAGGCA-1,2
GCGCTGCTTTGCATTT-1,1
GCGGAGAGGGAGAACG-1,1
GCGGTTCCCTATCATG-1,2
GCGTCGCCAGGGTGAT-1,2
GCGTGGTACTGGGTTA-1,1
GCTAACTGAAGTCTGA-1,1
GCTAAGTAGTTTCTCT-1,1
GCTACAATCGAGGATA-1,3
GCTACGACTTATTGGG-1,2
GCTACTATAGTAGAGT-1,1
GCTAGGCACCACGGAG-1,2
GCTAGTAGAGCTTGTA-1,1
GCTATACGTCTCGGAC-1,1
GCTATCATACTCATGG-1,1
GCTCAATGTAATACCG-1,2
GCTCCATGCAAAGCAA-1,2
GCTCGCTCATGTCCAA-1,1
GCTCGGAATTTAAAGC-1,2
GCTCTAAACCCTGACG-1,2
GCTCTCGGGTACCGAA-1,2
GCTCTTTCCGCTAGTG-1,2
GCTGAGGCGTGAGTAT-1,2
GCTGCACGGTTTCTTA-1,1
GCTGCTAAGTAGTCGA-1,2
GCTGCTACTGCGTAGC-1,2
GCTGCTCTCCGGACAC-1,2
GCTGGCGGCGCATGCT-1,2
GCTGTTGCTACCGAAC-1,1
GCTTAATGTAACTAAC-1,1
GCTTATGAAGCAGGAA-1,1
GCTTCCGTCCCTAGAC-1,1
GCTTGGATCGATTAGG-1,2
GCTTTCAGAGGAGGTG-1,1
GGAACTTTGGCGATTA-1,1
GGAATGCGCTAGCGTG-1,1
GGACCAACAGGATAAC-1,2
GGAGACGACACCTTTG-1,2
GGAGCACCAAGAACTA-1,1
GGAGCGAGGCCTACTT-1,2
GGAGGGCTTGGTTGGC-1,1
GGATCCGGAATATACT-1,1
GGATGAAGATCGCTGA-1,1
GGATGACGCGAGTTTA-1,3
GGATGTCCTTACCGCA-1,1
GGATTGCTGTGACTCC-1,1
GGATTTCACTTCTATA-1,1
GGCAAATTACTTTACT-1,1
GGCAAGCCCATAGTGG-1,2
GGCAAGGCGAAATAGC-1,1
GGCAATAGTCAATGAG-1,1
GGCACTCCACTGGGCA-1,2
GGCCGGCGTCTGCTAT-1,2
GGCCTGCTCTGATGTT-1,2
GGCGAAATCTAACTTG-1,1
GGCGCATGAATTGATG-1,1
GGCGCGGAGATCTTTC-1,2
GGCGCGTTCGAGTTTA-1,1
GGCGCTTCATTCCCTG-1,2
GGCGGTAGGATCATTG-1,2
GGCGTAGGGAAAGCTG-1,2
GGCTATTAAGTTGTAT-1,3
GGCTCGCGTTGAGGTA-1,1
GGCTCTGCTCCAACGC-1,1
GGCTGAAATAGCAAAG-1,1
GGCTTTCAATAAGGGT-1,2
GGGAAGACGGTCTGTC-1,2
GGGACTGCATAGATAG-1,2
GGGAGAACTCACAGTA-1,2
GGGAGCGACCGTAGTG-1,2
GGGAGGATGCCCGAAA-1,1
GGGAGTTAATGAGGCG-1,1
GGGATTTACCGCACCT-1,1
GGGCAGAGCAATCGTT-1,2
GGGCAGTCAACGCCAA-1,2
GGGCATGCATGTCGAG-1,2
GGGCCCGTCTTAAACA-1,1
GGGCCGGCCGAAGTAC-1,1
GGGCGATATGTGTGAA-1,2
GGGCGTACATTTATAT-1,2
GGGCGTCACCACGTAA-1,2
GGGCGTGGTTTCCCAG-1,1
GGGCTCATCGAACCCA-1,1
GGGCTGCCTAGGGCGA-1,2
GGGCTGGTTAGTCGCG-1,2
GGGTCACCGTGACGGT-1,3
GGGTCAGGAGCTAGAT-1,2
GGGTCGTGGCAAGTGT-1,2
GGGTCTATCGCTTTCC-1,3
GGGTGACACCTTAACT-1,1
GGTACAAACATGCTAT-1,1
GGTAGAAGACCGCCTG-1,1
GGTAGACCGTTGGGCG-1,2
GGTAGTGCTCGCACCA-1,1
GGTATTGCCGAGTTTA-1,1
GGTCAGTGGGTCCCAC-1,3
GGTCGGCCAGGAGCTT-1,1
GGTCTCCGTCCAGGTT-1,3
GGTCTGAGAATCTGGA-1,1
GGTCTTGAGCGCTCTT-1,2
GGTGATAAGGAGCAGT-1,1
GGTGCTGGTACACATT-1,3
GGTGGACTGCTCTGGC-1,2
GGTGTAAATCGATTGT-1,2
GGTGTAGGTAAGTAAA-1,2
GGTTAGCTATATGTCT-1,1
GGTTTACAATCTCAAT-1,1
GGTTTAGCCTTTCTTG-1,3
GGTTTCAATCGGTCAG-1,1
GGTTTGTGACCTGAGG-1,3
GTAAGCGGGCAGTCAG-1,2
GTAAGTAACAGTCTGG-1,1
GTACACTTACCTGAAG-1,1
GTACAGAGGCAAGGGT-1,1
GTACGAGATTGCGACA-1,2
GTACGCTTCATTGCAC-1,1
GTACGTTTGCCCGTCA-1,1
GTACTAAGATTTGGAG-1,3
GTACTGGAGTTAGACC-1,1
GTAGACACGCCTGACT-1,2
GTAGCCAAACATGGGA-1,2
GTAGCGGCTATACACT-1,1
GTAGCTTCCTCTTGTT-1,1
GTAGTCGCGGGAATCA-1,1
GTAGTCTACGATATTG-1,2
GTATCAAGGTACTTCC-1,2
GTATCTTTCATAACCA-1,1
GTATGTGGGTCTAGTT-1,1
GTCAACCAGGCCTATA-1,3
GTCAAGCGGACTCGGG-1,1
GTCATGCACCTCCGTT-1,2
GTCATGCGCGAGGGCT-1,2
GTCATGGACATGACTA-1,2
GTCATTAGAGCGAACG-1,1
GTCCCAACGTAAAGTA-1,1
GTCCCGCGACGTTATG-1,2
GTCCGGACCTGAAATT-1,2
GTCCGGCTGAATTGCG-1,3
GTCCGGGTTCACATTA-1,2
GTCCTACGAATAGTCT-1,3
GTCGCGTAACCCGTTG-1,1
GTCGGGAAGCAGAAAC-1,2
GTCGTACCATCTCGGG-1,1
GTCGTGTCTGGTCATC-1,2
GTCGTTATTCGCTTAT-1,1
GTCTAGTGAGCCGCTT-1,2
GTCTATTGCATGCTCG-1,3
GTCTATTGGTTCCGGT-1,1
GTCTCAAGGCCCGGCT-1,2
GTCTCCGCCTCAATAC-1,1
GTCTCGACTAAGTTTG-1,2
GTCTCGATCTGCTTTC-1,2
GTCTGGGCGGTCGAGA-1,2
GTGAAACGGCGCCACC-1,2
GTGACAGCTTCCCACT-1,1
GTGACCGCACACTACG-1,1
GTGACGCAGGTTTCAT-1,1
GTGACTTCAGTAGTGC-1,2
GTGAGGACACTTAAGG-1,1
GTGAGTGGTACAACGC-1,2
GTGATCACTAACGCCT-1,1
GTGATCATAGATCTGC-1,1
GTGATCCTTGTCATGA-1,2
GTGCACCAGCTTCAAC-1,2
GTGCCCGTTCGGATTC-1,1
GTGCCGCTTCAAAGGT-1,3
GTGCGAAATCGAACAC-1,3
GTGCGTGTATATGAGC-1,1
GTGCTCAAGTACTGTC-1,1
GTGGACGCATTTGTCC-1,2
GTGGTGGCCAAGTGAA-1,1
GTGTACCTTGGCTACG-1,1
GTGTATATCAGCGGGC-1,2
GTGTCGTATAGCGTTC-1,2
GTGTGAATAACTTAGG-1,1
GTGTTACTATGCGTCC-1,1
GTTAAAGTAGGACTGG-1,1
GTTAACATCACTTAAA-1,1
GTTAAGGGTGCGATGT-1,2
GTTACCTACAACTTGC-1,1
GTTACTTTGGGCCTAG-1,1
GTTAGCCCATGACATC-1,2
GTTATATCAGGAGCCA-1,3
GTTATATTATCTCCCT-1,1
GTTCAGTCGCCAAATG-1,2
GTTCGCCATAAGTGCC-1,1
GTTCGTCTAAAGAACT-1,1
GTTGAGTCCCGCCGGT-1,1
GTTGGATTGAGAACAC-1,1
GTTGGATTTGCGTTGG-1,1
GTTGGTCATGCTATCC-1,1
GTTGTAGATTTATGAG-1,1
GTTTACGTTCCATCTG-1,2
GTTTCAAACGAGTTGT-1,3
GTTTCCTGGAGGGTGA-1,2
GTTTCTGCAGTCTCCC-1,1
GTTTGACCAAATCCTA-1,1
GTTTGGCCCAAGTTAT-1,1
GTTTGGGCTTGTGAGC-1,2
GTTTGGTAGGGTCAAC-1,2
TAAAGCGTTAGGAGAA-1,1
TAAAGTGCACGTCTCG-1,2
TAACATACAATGTGGG-1,1
TAACCTAGGGAGTCCA-1,3
TAACTCATCCGCGCGG-1,1
TAAGGCAACATAAGAT-1,1
TAAGGCCCGTCACCCT-1,1
TAAGGCTGAATCCCTC-1,1
TAATACACAGTAGTAT-1,2
TAATACTAGAACAGAC-1,2
TAATAGTGACGACCAG-1,1
TAATCGATCCGTACGT-1,2
TAATTACGTCAGTAGA-1,3
TACAACGCACAACTCA-1,1
TACAGAAACGGTGGGC-1,2
TACATAGGCATACACC-1,1
TACATTTCTAACGTGC-1,1
TACCAAATAGCCCAGA-1,2
TACCAATAAAGTACCA-1,1
TACCAGAAGTAGGTTC-1,1
TACCGAATAATTGTAA-1,1
TACCGCGGACTTGCAG-1,2
TACCGGCTCACTGCCC-1,2
TACCGTAGGTTAACTA-1,1
TACCGTGCCTCGGACC-1,2
TACCTACTCCCAGTAT-1,2
TACGAACACGACTTCA-1,2
TACGACGCTTGCTGCG-1,2
TACGACTGCCTCTTAG-1,1
TACGAGAACTTCACGT-1,3
TACGCAGTTCTTTCCT-1,1
TACGCCATATTCTAAT-1,1
TACGCCTCCATTCCGA-1,2
TACGCTCCTAGAACTG-1,2
TACGGAAGCCAAACCA-1,2
TACGGGATGCTAGCAG-1,2
TACGTAAAGCGGAGTG-1,3
TACGTGGGCCCAGGGC-1,2
TACTCTCCGAACAAAT-1,2
TACTCTTACTTTACTG-1,1
TACTTGTTAGTAGTCC-1,1
TACTTTACTGAGCCGG-1,1
TAGAAAGGTGGCGCTA-1,1
TAGAATAGCCGATGAA-1,3
TAGACGAAACGCCAAT-1,2
TAGACGCCCGTACCGG-1,1
TAGAGGGAGTTTATCT-1,2
TAGAGTCTAAGCGAAC-1,3
TAGATATGGACTGGAA-1,1
TAGCAGTATGACTAAA-1,3
TAGCCATTTCAAAGTC-1,1
TAGCCGGCGGTCAGCG-1,1
TAGCGTCCGGTGTGGT-1,1
TAGCGTTGGGTCTTAC-1,1
TAGCTAAGTCCGGGAG-1,2
TAGCTCGCCTGATAAC-1,2
TAGGCATGTTACGCCA-1,2
TAGGCTAAAGTGGCAC-1,3
TAGGGAGCTTGGGATG-1,1
TAGGTCGCCGGAACTG-1,2
TAGGTGACGATAACCT-1,3
TAGGTGCTCGCCTAGC-1,1
TAGGTGTTCCACAGAT-1,2
TAGGTTCGAGTTCGTC-1,1
TAGGTTCTGCTGAGAA-1,1
TAGTCCGCAGAGAATG-1,1
TAGTCGATCACGGGTT-1,1
TAGTGCCCTCCAGAGT-1,2
TATACACAGACGCCTT-1,2
TATACGCGTCATCACT-1,1
TATATCCCTGGGAGGA-1,1
TATCCAATTGGTTATC-1,1
TATCCGCACCGTCGGG-1,3
TATCCTATCAACTGGT-1,1
TATCGATCTATGCATA-1,2
TATCTACCACAGCGGG-1,1
TATGATCTTCTCTTTA-1,1
TATGCTCCCTACTTAC-1,2
TATGGATGTGCTACGC-1,3
TATGGGACCGAGCAGG-1,1
TATGGGTACGTATCGT-1,2
TATGGTCTGAGTAACA-1,1
TATGTCTCATTGTGCC-1,1
TATTACCATCCTGCTT-1,1
TATTCAATTCTAATCC-1,1
TATTCCACTCAGCTCG-1,2
TATTCCGAGCTGTTAT-1,1
TATTCGTGCCAGAATA-1,1
TCAAACAACCGCGTCG-1,2
TCAAACTTAGATTGTT-1,1
TCAAATTGTTGTGCCG-1,2
TCAAATTTGAGACTCA-1,1
TCAACCATGTTCGGGC-1,3
TCAACGAGGAGACAAA-1,1
TCAAGCGCGGACGGTA-1,3
TCAAGGTTACTACACC-1,3
TCAATACGCCGTCATG-1,2
TCACAGGGAATCGCAA-1,1
TCACAGGTTATTGGGC-1,2
TCACCCTCTTAAGATT-1,1
TCACCGCTCGGCACTC-1,1
TCACGCATTGTAGATC-1,1
TCACGTGCCCGATTCA-1,1
TCAGACGCTATAGAAG-1,1
TCAGCAAATGCATCTC-1,1
TCAGCCAATCCGTAAA-1,3
TCAGGGTGTAACGTAA-1,1
TCAGGTTCTTTGAGAA-1,3
TCAGTAGGGACTATAA-1,2
TCATATGAGCTTTGTT-1,1
TCATCCTCAGCTGCTT-1,1
TCCAACTCAGCTATCT-1,1
TCCAAGCCTAGACACA-1,2
TCCAATAAAGGCTACC-1,2
TCCACATCGTATATTG-1,1
TCCACCTCTAGCCTTT-1,1
TCCACTTTATCTAGGT-1,1
TCCAGAGCACCGGTTC-1,2
TCCAGATGTACGCCAA-1,2
TCCAGGCAGGACGATC-1,2
TCCAGGCGAGTACGGT-1,2
TCCAGGGTATATACGA-1,2
TCCCAAAGACGAAGGA-1,2
TCCCACTCTCTTCCGG-1,1
TCCCAGCTTTAGTCTG-1,1
TCCCAGGCTTAGCTAA-1,2
TCCCGCGTACTCCTGG-1,1
TCCCGTCAGTCCCGCA-1,2
TCCCGTGTGCAATTTG-1,1
TCCGATGACTGAGCTC-1,2
TCCGATGGTGCGACAT-1,2
TCCGCCTGTCTACAAG-1,2
TCCGCGGCAGCATCTG-1,1
TCCGCTGTCATCCCGG-1,1
TCCGCTTATCCCATTA-1,2
TCCGGCCTAGCGTACA-1,2
TCCGGTTCGTCCGGTC-1,3
TCCGTTTAGCCTTGAA-1,1
TCCTAAAGATTCAGAC-1,2
TCCTAAATTGGGAAGC-1,2
TCCTACATCCACGGCC-1,1
TCCTCGGGCTGGGCTT-1,1
TCCTTACGACGGTCCG-1,1
TCCTTGTCCTTTAATT-1,1
TCCTTTCTTACGCTTA-1,1
TCGAAATTTAGGACCA-1,3
TCGAAGAACCGAGCAC-1,1
TCGAGACCAACACCGT-1,1
TCGCAAAGATGCATTT-1,1
TCGCACCAGGAGGCAG-1,1
TCGCATAAAGGGCGCA-1,3
TCGCCGACATATTCGC-1,2
TCGCTACTGGCTTTGA-1,2
TCGCTCGATATATTCC-1,2
TCGCTCGGCACCAGCG-1,3
TCGCTGCCAATGCTGT-1,2
TCGCTGGGCGGATTGT-1,2
TCGCTTTAAACGTTTG-1,1
TCGGACGCCCAGCCCA-1,1
TCGGAGTACATGAGTA-1,1
TCGGCGAACCCAAACC-1,3
TCGGGAGACAGCGTAC-1,1
TCGGGCCGTCGTGGTA-1,1
TCGTAAGACGACATTG-1,1
TCGTACCGACGTCAAG-1,2
TCGTCTTAGGCGTTAA-1,1
TCGTGTACTATGGATG-1,2
TCGTTAGGAGTCCCTA-1,2
TCTACCGTCCACAAGC-1,2
TCTAGCATGCCCAGAA-1,2
TCTAGTGATATCGTGG-1,1
TCTAGTTATCAGAAGA-1,1
TCTATCGGTCGCAACA-1,2
TCTCATGAGATAGGGT-1,1
TCTCCAACGTAGGTTA-1,2
TCTCCCTGGGCAGCGT-1,1
TCTGAACTCGTACCCG-1,1
TCTGAAGCACGTGGTC-1,1
TCTGAATTCCGTACAA-1,1
TCTGATGTATTCTGTC-1,1
TCTGCATACCTTGCTT-1,3
TCTGCCAGAAACTGCA-1,1
TCTGGGAACCTTTGAA-1,1
TCTGTGCCATCATAGT-1,1
TCTTACTTATGCCTCT-1,1
TCTTAGAGTGAACTCT-1,1
TCTTCCCATGGGCACA-1,2
TCTTCGAATAGACGTT-1,1
TCTTCGATACCAATAA-1,1
TCTTGATGCGTAGCGA-1,2
TCTTGCTCCCGATACT-1,2
TCTTGGTAACACCAAA-1,2
TCTTTCCTTCGAGATA-1,3
TGAAAGGACCTGACTC-1,1
TGAATACCGACGCGTA-1,2
TGACATGTAACGTGAC-1,2
TGACCAAATCTTAAAC-1,2
TGACCCACGTTAGACA-1,3
TGACGATGCACTAGAA-1,1
TGACTATAATCCTTTC-1,1
TGAGAGATTTACCACG-1,1
TGAGCGGAAAGTGTTC-1,1
TGAGGAGTGCCAGCTT-1,2
TGAGGTGTGTGGCGGA-1,2
TGAGTAAATTAGCGTA-1,1
TGAGTGCCTCTTAAAT-1,3
TGAGTGGTCCGTGACG-1,1
TGATCACCACACTGAC-1,2
TGATCGGTTTGACCCT-1,3
TGATCTCCGGCGCCAG-1,3
TGATTCGTCTATCACT-1,3
TGCAAAGTTCGTCTGT-1,2
TGCAACCCATCTGCGG-1,2
TGCAAGAATGACGTAA-1,1
TGCAATCTAACACGGT-1,2
TGCAGAGTACCGAGCA-1,3
TGCAGGATCGGCAAAG-1,1
TGCAGTTTCCTCCCAT-1,1
TGCATATGTCTGTCAC-1,1
TGCATGTGGTAATCTA-1,1
TGCCACCTGGCGAAAC-1,2
TGCCAGTACGTGGAGA-1,2
TGCCATTACTAAAGAA-1,2
TGCCCGTACCGTTAAA-1,1
TGCCGTGGATCGTCCT-1,2
TGCCGTGGGACCCAAT-1,2
TGCCTTGGCCAGGCAA-1,1
TGCGACACCCTAGTGC-1,3
TGCGCAAAGCATTTGG-1,2
TGCGGACTTGACTCCG-1,2
TGCGGAGTAAAGGTGC-1,2
TGCGTAAGAACCTGAT-1,3
TGCGTTTGTTGACACT-1,1
TGCTAAGTGTCTATTT-1,1
TGCTCCACAGTTCTTA-1,1
TGCTCGGCGAAACCCA-1,2
TGCTCGGTGGGTCACC-1,2
TGCTCTTGAGAGTTTG-1,1
TGCTGTTGAAGAACTC-1,1
TGCTTCCCAAGCAGTA-1,2
TGGAAGGATAAAGATG-1,2
TGGACCAATCTAAGAT-1,1
TGGACTGTTCGCTCAA-1,1
TGGAGTGATGCGATGA-1,3
TGGCAAACTAAATTAC-1,1
TGGCAACTCGCGCGCC-1,2
TGGCAAGCACAAGTCG-1,2
TGGCAGATTACGATCA-1,1
TGGCAGCAGTAATAGT-1,1
TGGCCAAACTGAAGTA-1,1
TGGCGATCAAGTTATG-1,2
TGGCTACACTCTACCT-1,3
TGGCTATGTGACATAC-1,1
TGGGCCCATACTAATT-1,1
TGGGCGATACAATAAG-1,2
TGGGTGCACAAGCCAT-1,2
TGGGTGTTAAGTAGAA-1,2
TGGTAGAATATATGGG-1,3
TGGTCCCACGCTACGG-1,2
TGGTTAAGGGCGCTGG-1,2
TGGTTCAACGGGTAAT-1,1
TGGTTCGTAGCAAAGG-1,2
TGGTTTAAACGTGGGT-1,3
TGTACCTACACGAGGG-1,1
TGTACGAACAAATCCG-1,1
TGTAGGAGAAATTTCC-1,1
TGTATAACAGATCCTG-1,1
TGTATGGCGCAGACAG-1,1
TGTCCACGGCTCAACT-1,3
TGTGACTACGCCAGTC-1,2
TGTGAGACTAGCCCAA-1,2
TGTGGCAAAGCGTATG-1,1
TGTGGCGGGCTTCTGG-1,2
TGTGTAGTAGCACGTG-1,3
TGTTATTGTATGTGGC-1,1
TGTTCCGCTTCCATGA-1,2
TGTTCCGGCCTGAGCT-1,2
TGTTCGTATTGCGGTG-1,2
TGTTCTTCCATTGACT-1,3
TGTTGTCAAGAAGTCT-1,1
TTAAACTCGAATTCAT-1,1
TTAAGATAGGATTGAC-1,1
TTAAGCGCCTGACCCA-1,2
TTAAGTATTGTTATCC-1,1
TTAATGTAGACCAGGT-1,2
TTAATTGCTTTGGGTG-1,2
TTACAACTACGCATCC-1,2
TTACACGATCTGCGAC-1,3
TTACAGACCTAAATGA-1,1
TTACCCTAGGGATTGG-1,2
TTACGGATGGTTCGAG-1,2
TTACTAAAGGACTTTA-1,1
TTACTCCGGCCGGGAA-1,1
TTACTGGGATATTTCA-1,1
TTAGAAGAACATGACT-1,1
TTAGACGAGTCACCTC-1,1
TTAGAGTTTAGAAGGA-1,1
TTAGCTGATTTGCCGT-1,1
TTAGTTATTCGTGGCA-1,1
TTATAGGTAATTGTCT-1,1
TTATATACGCTGTCAC-1,1
TTATATTTGGCAATCC-1,2
TTATCCGGGATCTATA-1,1
TTATCTGTATCATAAC-1,2
TTATGAATGAAAGGGA-1,1
TTATGATCTTAACGAA-1,1
TTATTAGAGCGTGTTC-1,1
TTCAAAGTCTCTAGCC-1,1
TTCAATACTCTGAATC-1,1
TTCACGAAAGGATCAC-1,1
TTCACTCGAGCACCTA-1,2
TTCACTTCCTAGAACG-1,2
TTCAGCCCTGGTCCAC-1,1
TTCCATCGACAGCGTG-1,3
TTCCGCGTGAGGCGAT-1,1
TTCCGGTTACCCACTT-1,1
TTCCTCGGACTAACCA-1,1
TTCGACAGAGCCCGTG-1,2
TTCGCACTGTACGACA-1,2
TTCGGGACTAATCGCG-1,1
TTCGGTACTGTAGAGG-1,2
TTCTAACCGAAGCTTA-1,1
TTCTATTAAACGCAGC-1,2
TTCTGACCGGGCTCAA-1,1
TTCTGCCGCGCCTAGA-1,1
TTCTGCGGGTTAGCGG-1,1
TTCTTATCCGCTGGGT-1,3
TTCTTGGAGTAATGAG-1,2
TTGAACGACGTGCTGA-1,2
TTGAAGAATTCCCAGG-1,2
TTGAATATGGACTTTC-1,1
TTGAATTCACGTGAGG-1,1
TTGACAGGAGCTCCCG-1,1
TTGACCAGGAACAACT-1,2
TTGACCATGTTCTCCG-1,1
TTGACTACCATATGGT-1,3
TTGACTATTGTCCGGC-1,2
TTGAGAAGTTTAGCAT-1,1
TTGATCTAACTTTGTC-1,1
TTGATGTGTAGTCCCG-1,1
TTGCAAGAAGACTCCT-1,1
TTGCACAATTCAGAAA-1,1
TTGCACGGAGCAGCAC-1,2
TTGCCGCTTTCTAGTA-1,2
TTGCGTGTGTAGGCAT-1,2
TTGCTCCCATACCGGA-1,2
TTGCTGATCATGTTCG-1,2
TTGGACCTATAACAGT-1,1
TTGGATATCGTCTACG-1,3
TTGGGAAGACGAGCCG-1,2
TTGGGACACTGCCCGC-1,2
TTGGGCGGCGGTTGCC-1,1
TTGGTCACACTCGTAA-1,2
TTGTAAGGCCAGTTGG-1,1
TTGTAATCCGTACTCG-1,1
TTGTCGTTCAGTTACC-1,2
TTGTGCAGCCACGTCA-1,2
TTGTGTATGCCACCAA-1,1
TTGTGTTTCCCGAAAG-1,2
TTGTTCAGTGTGCTAC-1,2
TTGTTGTGTGTCAAGA-1,1
